4,3,5
21.6828,2.6718,-4.8909
21.9371,2.9713,-5.2875
21.4516,3.8465,-5.4196
20.3421,4.8831,-5.2875
19.2787,4.9291,-5.684
18.6315,3.7083,-6.345
18.3772,1.7966,-7.1381
18.0536,0.737,-7.4025
17.337,1.0595,-7.0059
15.3952,2.6027,-6.0806
12.8987,4.5376,-4.8909
10.3328,5.2055,-3.9656
8.3448,4.4224,-3.8334
7.1197,2.81,-3.7012
6.1257,1.0595,-3.8334
5.1317,-0.0691,-3.8334
3.9759,-0.5758,-3.7012
2.5658,-0.6449,-3.1725
1.1095,-0.3224,-2.7759
0.0231,0.2764,-1.7184
-0.3467,0.7831,-0.9253
-0.2773,0.5297,-1.1896
-0.1386,0.3685,-1.1896
0.0462,0.2533,-1.3218
0.1849,0.1612,-1.3218
0.2773,0.0691,-1.454
0.3698,0.0691,-1.454
0.3698,0.046,-1.454
0.3698,0.046,-1.454
0.3467,0.046,-1.5862
0.3698,0.023,-1.5862
0.3467,-0.023,-1.5862
0.3698,-0.023,-1.5862
0.3698,-0.023,-1.454
0.3236,0.0,-1.5862
0.3236,-0.023,-1.5862
0.3005,-0.023,-1.5862
0.2773,-0.023,-1.5862
0.2773,0.0,-1.5862
0.2773,0.046,-1.5862
0.3005,0.046,-1.5862
0.2773,-0.023,-1.5862
0.2773,0.0,-1.5862
0.2773,0.0,-1.5862
0.2542,-0.023,-1.5862
0.2773,-0.023,-1.5862
0.3005,0.046,-1.7184
0.2773,0.046,-1.5862
0.2773,0.0691,-1.5862
0.2773,0.0691,-1.7184
0.2773,0.0691,-1.7184
0.2542,0.023,-1.7184
0.2311,0.046,-1.7184
0.2542,0.046,-1.7184
0.2542,0.0,-1.7184
0.2542,0.0,-1.5862
0.2311,0.0,-1.5862
0.2311,0.0,-1.5862
0.2311,0.0,-1.5862
0.2311,0.0,-1.5862
0.2311,-0.023,-1.5862
0.2773,-0.1612,-1.5862
0.2542,-0.2994,-1.454
0.2311,-0.2533,-1.454
0.208,-0.1151,-1.5862
0.2311,-0.046,-1.5862
0.2311,-0.046,-1.5862
0.208,-0.046,-1.5862
0.208,-0.023,-1.5862
0.2311,-0.046,-1.454
0.208,-0.023,-1.5862
0.1849,-0.023,-1.5862
0.208,0.0,-1.5862
0.2311,-0.023,-1.5862
0.208,0.0,-1.5862
0.208,0.0,-1.5862
0.2311,0.0,-1.5862
0.2311,-0.023,-1.5862
0.2311,-0.023,-1.5862
0.2542,-0.046,-1.5862
0.2542,-0.046,-1.5862
0.2542,-0.0691,-1.5862
0.2773,-0.046,-1.5862
0.2773,-0.023,-1.5862
0.2311,-0.023,-1.5862
0.2311,-0.023,-1.5862
0.208,0.0,-1.5862
0.208,-0.023,-1.5862
0.208,-0.023,-1.5862
0.208,-0.023,-1.7184
0.208,-0.023,-1.7184
0.208,-0.0691,-1.7184
0.1849,-0.1382,-1.5862
0.1618,-0.2533,-1.5862
0.1849,-0.2764,-1.454
0.1618,-0.2533,-1.5862
0.1849,-0.2303,-1.5862
0.208,-0.2073,-1.5862
0.2542,-0.1842,-1.7184
0.3467,-0.1382,-1.5862
0.4623,-0.1382,-1.7184
0.6472,-0.2073,-1.7184
0.9015,-0.1842,-1.7184
0.9939,-0.2303,-1.7184
0.9477,-0.3224,-1.7184
0.8784,-0.4837,-1.7184
0.8321,-0.6219,-1.7184
0.8321,-0.7601,-1.7184
0.8321,-0.8752,-1.5862
0.8321,-1.0134,-1.7184
0.8321,-1.1286,-1.8506
0.8784,-1.2207,-1.7184
0.8552,-1.3129,-1.9828
0.8784,-1.382,-1.8506
0.8552,-1.4511,-1.8506
0.8784,-1.4741,-1.8506
0.9015,-1.5202,-1.9828
0.9246,-1.5202,-2.115
0.9708,-1.5662,-2.2471
0.9708,-1.6353,-2.3793
0.9477,-1.7044,-2.3793
0.9246,-1.8426,-2.3793
0.9477,-1.9578,-2.3793
0.9708,-2.0039,-2.3793
0.9708,-2.073,-2.3793
0.9939,-2.1651,-2.6437
1.0171,-2.2803,-2.6437
1.0402,-2.3494,-2.6437
1.0402,-2.3494,-2.7759
1.0402,-2.4185,-2.9081
1.0633,-2.4645,-2.9081
1.0402,-2.5336,-2.9081
1.0633,-2.5567,-3.0403
1.0864,-2.6488,-3.0403
1.1095,-2.6718,-3.0403
1.1326,-2.6718,-3.0403
1.1326,-2.6718,-3.0403
1.1095,-2.6718,-3.0403
1.1095,-2.787,-3.1725
1.0864,-2.8331,-3.1725
1.1095,-2.9022,-3.3046
1.0633,-2.81,-3.1725
0.9939,-2.6949,-3.1725
0.9708,-2.5797,-3.1725
0.9477,-2.5567,-3.1725
0.9708,-2.5567,-3.1725
0.9939,-2.6258,-3.4368
0.9939,-2.6488,-3.4368
1.0171,-2.6949,-3.3046
0.9939,-2.6718,-3.4368
0.9708,-2.6718,-3.4368
0.9708,-2.6027,-3.4368
0.9708,-2.5797,-3.4368
0.9708,-2.5567,-3.4368
0.9708,-2.5336,-3.4368
0.9708,-2.5567,-3.4368
0.9708,-2.5797,-3.4368
0.9246,-2.5336,-3.4368
0.9246,-2.5567,-3.4368
0.9015,-2.5567,-3.4368
0.9015,-2.5797,-3.4368
0.9015,-2.5336,-3.4368
0.9246,-2.5336,-3.4368
0.9477,-2.5336,-3.4368
0.9246,-2.5106,-3.4368
0.9246,-2.5567,-3.4368
0.9015,-2.5797,-3.569
0.8784,-2.5567,-3.4368
0.8552,-2.5567,-3.569
0.8552,-2.5336,-3.569
0.8784,-2.5106,-3.569
0.8321,-2.4876,-3.569
0.8552,-2.4876,-3.569
0.8784,-2.5336,-3.569
0.8784,-2.5336,-3.569
0.8552,-2.5336,-3.569
0.8784,-2.5106,-3.569
0.8552,-2.5336,-3.569
0.8552,-2.5567,-3.7012
0.8552,-2.5336,-3.7012
0.8552,-2.5336,-3.7012
0.8784,-2.4876,-3.569
0.8784,-2.4415,-3.569
0.8784,-2.3954,-3.569
0.8552,-2.3724,-3.569
0.8321,-2.4185,-3.569
0.7859,-2.3724,-3.7012
0.7397,-2.3263,-3.7012
0.7165,-2.3033,-3.7012
0.6703,-2.2803,-3.7012
0.6472,-2.2572,-3.7012
0.6934,-2.2572,-3.7012
0.6934,-2.2803,-3.7012
0.7165,-2.2572,-3.569
0.6934,-2.2572,-3.8334
0.7165,-2.2342,-3.7012
0.6934,-2.1881,-3.8334
0.6703,-2.1881,-3.8334
0.6472,-2.1421,-3.8334
0.6472,-2.096,-3.7012
0.6241,-2.073,-3.7012
0.601,-2.0499,-3.7012
0.6472,-2.0269,-3.7012
0.6241,-2.0039,-3.569
0.6241,-2.0039,-3.7012
0.601,-2.0499,-3.7012
0.601,-2.0499,-3.8334
0.5779,-2.073,-3.7012
0.5547,-2.0499,-3.7012
0.5547,-1.9808,-3.569
0.5316,-1.9578,-3.7012
0.5547,-1.9117,-3.7012
0.5547,-1.9348,-3.7012
0.5085,-1.9578,-3.7012
0.4854,-1.9808,-3.7012
0.4854,-1.9578,-3.7012
0.4854,-1.9348,-3.569
0.4623,-1.9117,-3.569
0.4854,-1.9117,-3.7012
0.4623,-1.8657,-3.569
0.4623,-1.8887,-3.569
0.4392,-1.9348,-3.569
0.4623,-1.9578,-3.7012
0.4623,-1.9808,-3.7012
0.4392,-1.9578,-3.7012
0.4392,-1.9808,-3.7012
0.3929,-1.9578,-3.7012
0.416,-1.9808,-3.7012
0.3929,-1.9578,-3.569
0.3698,-1.9348,-3.569
0.3929,-1.9578,-3.569
0.3929,-1.9578,-3.569
0.3929,-1.9808,-3.569
0.3929,-2.0039,-3.569
0.3929,-1.9808,-3.569
0.3929,-1.9808,-3.569
0.416,-1.9808,-3.569
0.3929,-1.9808,-3.569
0.3929,-1.9808,-3.569
0.416,-2.0039,-3.569
0.416,-2.0039,-3.569
0.3929,-2.0039,-3.569
0.3929,-2.0039,-3.569
0.3698,-1.9578,-3.569
0.3698,-1.8887,-3.569
0.3467,-1.8887,-3.569
0.3698,-1.8887,-3.569
0.3698,-1.8887,-3.569
0.3698,-1.8657,-3.569
0.3698,-1.8657,-3.569
0.3698,-1.8426,-3.569
0.3929,-1.8196,-3.569
0.3698,-1.7735,-3.569
0.3698,-1.7735,-3.569
0.3929,-1.7735,-3.569
0.3698,-1.7505,-3.569
0.3929,-1.7275,-3.7012
0.416,-1.7044,-3.7012
0.416,-1.6814,-3.7012
0.4392,-1.6123,-3.7012
0.4392,-1.5662,-3.7012
0.3929,-1.5432,-3.7012
0.416,-1.5202,-3.7012
0.4392,-1.5202,-3.7012
0.4392,-1.5432,-3.7012
0.4623,-1.5202,-3.7012
0.4854,-1.5202,-3.7012
0.5085,-1.4971,-3.7012
0.5085,-1.5202,-3.7012
0.5085,-1.5202,-3.7012
0.5085,-1.4971,-3.7012
0.5316,-1.4971,-3.7012
0.5316,-1.5662,-3.7012
0.5085,-1.5893,-3.7012
0.5316,-1.6123,-3.7012
0.5316,-1.6353,-3.7012
0.5085,-1.6353,-3.7012
0.5085,-1.6353,-3.7012
0.4854,-1.6584,-3.7012
0.4623,-1.6584,-3.569
0.4392,-1.7044,-3.569
0.416,-1.7275,-3.569
0.416,-1.7735,-3.569
0.3929,-1.7966,-3.569
0.416,-1.8426,-3.569
0.3929,-1.8426,-3.569
0.416,-1.8426,-3.569
0.4392,-1.8426,-3.569
0.3929,-1.8426,-3.569
0.416,-1.8426,-3.569
0.416,-1.8426,-3.569
0.416,-1.8887,-3.569
0.4392,-1.8887,-3.569
0.4392,-1.8887,-3.569
0.4392,-1.8887,-3.569
0.416,-1.8426,-3.569
0.416,-1.8196,-3.569
0.3929,-1.7966,-3.569
0.3929,-1.7735,-3.569
0.3698,-1.7735,-3.569
0.3698,-1.7275,-3.569
0.3929,-1.7275,-3.569
0.3929,-1.7505,-3.4368
0.3698,-1.7275,-3.4368
0.3698,-1.7044,-3.4368
0.3698,-1.7044,-3.4368
0.3698,-1.7044,-3.4368
0.3698,-1.7505,-3.4368
0.3467,-1.7735,-3.569
0.3467,-1.7735,-3.569
0.3236,-1.7735,-3.569
0.3236,-1.7044,-3.4368
0.3005,-1.6814,-3.4368
0.3236,-1.7044,-3.4368
0.3005,-1.6814,-3.4368
0.2773,-1.6584,-3.4368
0.2773,-1.6584,-3.4368
0.2773,-1.6353,-3.569
0.2542,-1.5662,-3.569
0.2773,-1.5432,-3.4368
0.2311,-1.5202,-3.4368
0.2773,-1.5202,-3.4368
0.3005,-1.5432,-3.3046
0.3236,-1.5662,-3.4368
0.3236,-1.5432,-3.4368
0.3467,-1.5432,-3.4368
0.3236,-1.5432,-3.3046
0.3467,-1.5202,-3.3046
0.3467,-1.5432,-3.3046
0.3467,-1.5432,-3.1725
0.3467,-1.5893,-3.3046
0.3236,-1.6353,-3.1725
0.3467,-1.6814,-3.1725
0.3467,-1.7044,-3.1725
0.3698,-1.7275,-3.0403
0.3467,-1.7505,-3.0403
0.3236,-1.8196,-3.0403
0.3467,-1.8887,-2.9081
0.3467,-1.9808,-2.9081
0.3467,-2.0269,-2.9081
0.3467,-2.096,-2.9081
0.3467,-2.1421,-2.9081
0.3929,-2.2112,-2.7759
0.416,-2.3033,-2.6437
0.416,-2.3724,-2.6437
0.4392,-2.5106,-2.3793
0.4854,-2.6027,-2.5115
0.5547,-2.6718,-2.3793
0.6241,-2.7179,-2.6437
0.6934,-2.787,-2.6437
0.6934,-2.8791,-2.6437
0.6703,-2.9482,-2.5115
0.6472,-2.9482,-2.6437
0.6934,-2.9943,-2.5115
0.6241,-3.0634,-2.6437
0.6241,-3.1786,-2.5115
0.601,-3.2937,-2.6437
0.6472,-3.4089,-2.6437
0.5779,-3.478,-2.7759
0.5547,-3.5932,-2.9081
0.5779,-3.7314,-2.9081
0.6241,-3.9847,-3.1725
0.6934,-4.2381,-3.4368
0.7165,-4.5836,-3.1725
0.6934,-4.9291,-3.3046
0.6934,-5.2746,-3.4368
0.7165,-5.6662,-3.569
0.7628,-6.0808,-3.569
0.7628,-6.4724,-3.569
0.7397,-6.8639,-3.7012
0.6934,-7.1864,-3.8334
0.6703,-7.5089,-3.8334
0.601,-7.9235,-4.0978
0.5547,-8.4532,-4.0978
0.4623,-9.0982,-4.0978
0.3698,-9.7431,-4.23
0.2542,-10.3881,-4.3621
0.2542,-10.9869,-4.23
0.208,-11.5858,-4.23
0.208,-12.1616,-4.3621
0.1386,-12.6914,-4.4943
0.0462,-13.1751,-4.3621
0.0231,-13.6128,-4.4943
0.0231,-14.0734,-4.4943
0.0231,-14.5111,-4.3621
0.0462,-14.9487,-4.3621
0.0,-15.3172,-4.23
-0.0693,-15.6397,-4.23
-0.1155,-16.0082,-4.23
-0.1849,-16.4689,-4.4943
-0.2542,-16.9065,-4.3621
-0.3929,-17.3903,-4.3621
-0.5085,-17.8279,-4.3621
-0.601,-18.2195,-3.9656
-0.6703,-18.611,-4.0978
-0.6934,-18.9335,-3.8334
-0.6703,-19.3251,-3.8334
-0.6472,-19.6936,-3.8334
-0.6934,-20.0852,-3.8334
-0.6703,-20.4998,-3.8334
-0.7397,-20.8683,-3.8334
-0.809,-21.1908,-3.9656
-0.8784,-21.4211,-3.9656
-0.9246,-21.6054,-3.8334
-0.9708,-21.7206,-3.8334
-1.0402,-21.7897,-3.8334
-1.1095,-21.7897,-3.8334
-1.1326,-21.8588,-3.9656
-1.1326,-21.9279,-3.8334
-1.1326,-22.0891,-3.8334
-1.1558,-22.2964,-3.8334
-1.1558,-22.5728,-3.8334
-1.1558,-22.8722,-3.9656
-1.1326,-23.1717,-3.8334
-1.1326,-23.4481,-3.8334
-1.1326,-23.7245,-4.0978
-1.1326,-23.9778,-4.0978
-1.1326,-24.1621,-4.0978
-1.1558,-24.3233,-4.23
-1.2251,-24.4385,-3.9656
-1.2713,-24.5767,-4.0978
-1.2944,-24.6919,-3.9656
-1.2251,-24.784,-3.9656
-1.2251,-24.8531,-3.9656
-1.202,-24.8301,-3.8334
-1.2251,-24.761,-4.0978
-1.2713,-24.6919,-3.9656
-1.3176,-24.7149,-3.9656
-1.3176,-24.784,-4.0978
-1.2944,-24.8301,-4.0978
-1.2944,-24.8301,-4.0978
-1.2944,-24.761,-4.0978
-1.2944,-24.5997,-3.9656
-1.3638,-24.4615,-3.9656
-1.4563,-24.3694,-3.9656
-1.4794,-24.3924,-3.9656
-1.4794,-24.4385,-4.0978
-1.4794,-24.5537,-4.0978
-1.4794,-24.5767,-4.0978
-1.4563,-24.5767,-3.9656
-1.5025,-24.4846,-3.9656
-1.4794,-24.3464,-3.9656
-1.5025,-24.1851,-3.9656
-1.5256,-24.0239,-4.0978
-1.5487,-23.8857,-3.9656
-1.6181,-23.7705,-3.8334
-1.6412,-23.7014,-3.9656
-1.6874,-23.6554,-3.9656
-1.7105,-23.6323,-3.9656
-1.7337,-23.5632,-3.8334
-1.7568,-23.5402,-3.8334
-1.7105,-23.5402,-3.8334
-1.7105,-23.6093,-3.9656
-1.6874,-23.6554,-3.8334
-1.6874,-23.7475,-3.9656
-1.7105,-23.7705,-3.9656
-1.6874,-23.7014,-3.9656
-1.6874,-23.6554,-3.8334
-1.6874,-23.4941,-3.8334
-1.7105,-23.425,-3.8334
-1.7105,-23.402,-3.9656
-1.7105,-23.5402,-3.8334
-1.6412,-23.7014,-3.9656
-1.5718,-23.9318,-4.0978
-1.5718,-24.0469,-4.23
-1.5487,-24.093,-4.23
-1.5718,-24.093,-4.23
-1.5718,-24.0239,-4.23
-1.5718,-24.0239,-4.3621
-1.5256,-24.1621,-4.3621
-1.5025,-24.4615,-4.4943
-1.4563,-24.7379,-4.4943
-1.4331,-24.9683,-4.4943
-1.3869,-25.1065,-4.6265
-1.3407,-25.1986,-4.6265
-1.3176,-25.3368,-4.6265
-1.2713,-25.5672,-4.7587
-1.2482,-25.8205,-4.4943
-1.2251,-26.12,-4.6265
-1.202,-26.3733,-4.6265
-1.1558,-26.5115,-4.7587
-1.1558,-26.5806,-4.7587
-1.1558,-26.6958,-4.6265
-1.1326,-26.857,-4.6265
-1.1326,-27.1104,-4.6265
-1.1095,-27.4329,-4.4943
-1.0633,-27.6632,-4.4943
-1.0402,-27.8935,-4.3621
-1.0171,-28.1469,-4.4943
-1.0171,-28.3772,-4.4943
-0.9939,-28.6997,-4.4943
-0.9477,-28.9991,-4.4943
-0.9246,-29.2755,-4.4943
-0.9708,-29.3907,-4.4943
-1.0171,-29.5059,-4.23
-1.0864,-29.598,-4.3621
-1.1095,-29.6671,-4.23
-1.1326,-29.7132,-4.23
-1.1558,-29.7592,-4.3621
-1.202,-29.8514,-4.23
-1.202,-29.9435,-4.23
-1.202,-30.0587,-4.3621
-1.1789,-30.1508,-4.3621
-1.1789,-30.2199,-4.3621
-1.1789,-30.2199,-4.3621
-1.202,-30.2199,-4.3621
-1.2482,-30.1508,-4.0978
-1.2944,-30.1508,-4.23
-1.3407,-30.1508,-4.23
-1.3407,-30.1508,-4.23
-1.3638,-30.1739,-4.23
-1.3869,-30.1739,-3.9656
-1.3638,-30.2199,-3.9656
-1.3638,-30.289,-3.9656
-1.3407,-30.4272,-4.0978
-1.3176,-30.5424,-3.9656
-1.2482,-30.6345,-4.0978
-1.2713,-30.6806,-4.0978
-1.3176,-30.6115,-4.0978
-1.3638,-30.5194,-4.23
-1.4331,-30.4733,-4.23
-1.4794,-30.5194,-4.0978
-1.4563,-30.6345,-4.0978
-1.4563,-30.8188,-4.0978
-1.4794,-30.9109,-4.23
-1.5025,-30.957,-4.23
-1.5025,-30.8879,-4.0978
-1.5256,-30.8418,-4.23
-1.5256,-30.8649,-4.23
-1.5256,-31.0261,-4.23
-1.4563,-31.2334,-4.0978
-1.5025,-31.4407,-4.23
-1.4794,-31.5328,-4.23
-1.5256,-31.5559,-4.0978
-1.5256,-31.5328,-4.0978
-1.5256,-31.5789,-4.23
-1.5487,-31.7171,-3.9656
-1.5718,-31.8323,-3.9656
-1.5718,-31.9935,-4.0978
-1.5487,-32.0626,-3.9656
-1.5718,-32.1087,-3.9656
-1.5718,-32.0856,-3.9656
-1.5487,-32.1087,-3.9656
-1.5025,-32.1317,-3.8334
-1.5025,-32.1778,-3.8334
-1.4794,-32.2699,-3.8334
-1.4794,-32.339,-3.8334
-1.5025,-32.4081,-3.8334
-1.5256,-32.4311,-3.8334
-1.5025,-32.4772,-3.8334
-1.5025,-32.5463,-3.8334
-1.5256,-32.5693,-3.8334
-1.5487,-32.6384,-3.8334
-1.5718,-32.6384,-3.8334
-1.6181,-32.6615,-3.8334
-1.595,-32.7075,-3.8334
-1.595,-32.7306,-3.8334
-1.6643,-32.7075,-3.8334
-1.6874,-32.7075,-3.8334
-1.7337,-32.7075,-3.9656
-1.7105,-32.6615,-4.0978
-1.7337,-32.6384,-4.23
-1.7568,-32.6154,-4.3621
-1.7799,-32.5693,-4.23
-1.8261,-32.5002,-4.3621
-1.8492,-32.4772,-4.3621
-1.8492,-32.5463,-4.23
-1.8723,-32.6154,-4.3621
-1.8723,-32.7306,-4.3621
-1.8955,-32.7766,-4.23
-1.8955,-32.8457,-4.3621
-1.9648,-32.9148,-4.3621
-1.9648,-32.9839,-4.4943
-1.9879,-33.053,-4.4943
-2.011,-33.03,-4.4943
-2.0573,-33.0761,-4.4943
-2.0342,-33.2373,-4.6265
-2.0573,-33.3294,-4.4943
-2.0804,-33.4446,-4.4943
-2.1497,-33.4907,-4.4943
-2.196,-33.5137,-4.4943
-2.2191,-33.5137,-4.6265
-2.2191,-33.5828,-4.7587
-2.2191,-33.6749,-4.7587
-2.2191,-33.698,-4.6265
-2.2422,-33.6519,-4.6265
-2.2422,-33.5367,-4.6265
-2.2191,-33.4676,-4.6265
-2.196,-33.4216,-4.4943
-2.1729,-33.3755,-4.3621
-2.1497,-33.3525,-4.3621
-2.2191,-33.3294,-4.3621
-2.196,-33.2834,-4.3621
-2.2191,-33.2603,-4.23
-2.196,-33.2834,-4.23
-2.2191,-33.3294,-4.23
-2.1729,-33.3064,-4.3621
-2.1729,-33.2373,-4.23
-2.1497,-33.1452,-4.23
-2.1497,-32.9609,-4.0978
-2.1729,-32.8457,-4.0978
-2.196,-32.7306,-3.9656
-2.2191,-32.7075,-3.9656
-2.196,-32.6384,-3.8334
-2.2191,-32.4311,-3.8334
-2.1497,-32.2469,-3.9656
-2.196,-32.0396,-3.8334
-2.2191,-31.9474,-3.8334
-2.196,-31.8092,-3.8334
-2.1729,-31.671,-3.8334
-2.196,-31.5098,-3.8334
-2.2191,-31.2795,-3.8334
-2.2191,-31.0722,-3.8334
-2.2422,-30.8649,-3.8334
-2.196,-30.7727,-3.8334
-2.1729,-30.6806,-3.8334
-2.1729,-30.5194,-3.8334
-2.196,-30.3351,-3.8334
-2.2191,-30.0817,-3.7012
-2.196,-29.8744,-3.569
-2.196,-29.6671,-3.569
-2.2653,-29.4598,-3.569
-2.2422,-29.2525,-3.7012
-2.2422,-29.0222,-3.8334
-2.2191,-28.7918,-3.8334
-2.2191,-28.5154,-3.7012
-2.196,-28.2621,-3.8334
-2.1497,-28.0778,-3.7012
-2.1266,-27.8705,-3.8334
-2.1035,-27.7093,-3.8334
-2.1035,-27.502,-3.8334
-2.1035,-27.2256,-3.8334
-2.0804,-26.9722,-3.7012
-2.1035,-26.7419,-3.7012
-2.1035,-26.6267,-3.7012
-2.0804,-26.5806,-3.8334
-2.0573,-26.5806,-3.8334
-2.0573,-26.5115,-3.8334
-2.011,-26.3964,-3.8334
-2.011,-26.3042,-3.8334
-2.0342,-26.0509,-3.8334
-2.0573,-25.8896,-3.7012
-2.0804,-25.9127,-3.8334
-2.0804,-26.0278,-3.8334
-2.0573,-26.0969,-3.8334
-2.0342,-26.143,-3.8334
-2.0342,-26.12,-3.7012
-2.0342,-26.12,-3.7012
-2.011,-26.166,-3.7012
-2.011,-26.2351,-3.8334
-2.011,-26.3042,-3.8334
-1.9879,-26.3733,-3.8334
-2.011,-26.4194,-3.8334
-2.0342,-26.4424,-3.7012
-2.0342,-26.4655,-3.8334
-2.0342,-26.5346,-3.7012
-2.011,-26.6497,-3.7012
-2.011,-26.6267,-3.7012
-2.011,-26.6267,-3.8334
-2.011,-26.5806,-3.7012
-2.011,-26.5806,-3.7012
-2.011,-26.5806,-3.7012
-2.011,-26.6267,-3.7012
-2.011,-26.6497,-3.7012
-1.9879,-26.7188,-3.8334
-1.9879,-26.7649,-3.569
-2.011,-26.7649,-3.4368
-2.0573,-26.7419,-3.569
-2.0804,-26.7879,-3.569
-2.0804,-26.834,-3.569
-2.0804,-26.857,-3.569
-2.1035,-26.9031,-3.569
-2.0804,-26.9952,-3.569
-2.1035,-27.0413,-3.569
-2.0573,-27.1334,-3.569
-2.0573,-27.1565,-3.4368
-2.011,-27.1334,-3.4368
-2.0342,-27.1334,-3.4368
-2.0573,-27.0643,-3.4368
-2.0573,-27.0183,-3.4368
-2.0573,-26.9952,-3.4368
-2.0573,-27.0413,-3.4368
-2.0804,-27.0413,-3.4368
-2.0804,-27.1104,-3.4368
-2.1266,-27.1795,-3.569
-2.1266,-27.2486,-3.569
-2.1266,-27.3407,-3.569
-2.1266,-27.3868,-3.7012
-2.1035,-27.4559,-3.7012
-2.1035,-27.5711,-3.7012
-2.0804,-27.7323,-3.569
-2.0804,-27.8244,-3.569
-2.1035,-27.8705,-3.7012
-2.1266,-27.9396,-3.569
-2.1497,-28.0087,-3.7012
-2.1266,-28.0778,-3.7012
-2.1266,-28.1699,-3.7012
-2.1035,-28.2621,-3.7012
-2.0804,-28.3081,-3.7012
-2.1035,-28.3542,-3.569
-2.1497,-28.3542,-3.7012
-2.1497,-28.3542,-3.569
-2.1729,-28.4463,-3.569
-2.1497,-28.5615,-3.569
-2.0804,-28.7227,-3.7012
-2.1035,-28.8379,-3.7012
-2.0573,-28.907,-3.7012
-2.0804,-28.93,-3.7012
-2.0804,-28.9531,-3.7012
-2.0342,-29.0222,-3.569
-2.0342,-29.1143,-3.8334
-2.011,-29.1604,-3.7012
-2.011,-29.1604,-3.8334
-2.0342,-29.1143,-3.7012
-2.011,-29.0452,-3.7012
-2.0804,-28.9761,-3.7012
-2.0573,-29.0452,-3.7012
-2.0342,-29.2295,-3.7012
-2.0342,-29.3216,-3.7012
-2.0342,-29.3677,-3.7012
-2.0573,-29.3907,-3.7012
-2.0342,-29.3907,-3.569
-2.0573,-29.3677,-3.7012
-2.0342,-29.3907,-3.569
-2.011,-29.4828,-3.569
-2.011,-29.575,-3.569
-2.0342,-29.6671,-3.569
-2.0342,-29.7132,-3.4368
-2.0573,-29.6441,-3.569
-2.1266,-29.6441,-3.4368
-2.1266,-29.7362,-3.4368
-2.1497,-29.8053,-3.4368
-2.1266,-29.9205,-3.4368
-2.1266,-30.0126,-3.4368
-2.1266,-30.1048,-3.4368
-2.1497,-30.1278,-3.4368
-2.1729,-30.1739,-3.4368
-2.1497,-30.2199,-3.3046
-2.0804,-30.266,-3.4368
-2.1035,-30.289,-3.569
-2.1266,-30.289,-3.569
-2.1497,-30.266,-3.569
-2.1729,-30.289,-3.569
-2.1266,-30.3121,-3.569
-2.1497,-30.3581,-3.569
-2.1729,-30.3581,-3.7012
-2.1729,-30.4272,-3.7012
-2.1497,-30.4733,-3.7012
-2.1729,-30.5194,-3.8334
-2.1729,-30.5654,-3.8334
-2.1729,-30.6345,-3.8334
-2.1729,-30.6576,-3.8334
-2.1729,-30.6345,-3.8334
-2.1729,-30.5194,-3.9656
-2.1729,-30.4733,-3.8334
-2.2191,-30.4963,-4.0978
-2.196,-30.5194,-4.0978
-2.1729,-30.5654,-4.0978
-2.1266,-30.6345,-4.23
-2.1497,-30.5885,-4.0978
-2.1497,-30.5194,-4.0978
-2.1729,-30.4503,-4.0978
-2.196,-30.4042,-3.9656
-2.196,-30.3812,-3.9656
-2.196,-30.3581,-3.8334
-2.2422,-30.3351,-3.8334
-2.2422,-30.3121,-3.9656
-2.2191,-30.266,-3.8334
-2.2191,-30.1739,-3.8334
-2.196,-30.1508,-3.8334
-2.2191,-30.1278,-3.8334
-2.2191,-30.1048,-3.8334
-2.1497,-30.1508,-3.8334
-2.1497,-30.1508,-3.8334
-2.1497,-30.1278,-3.7012
-2.1497,-30.1278,-3.7012
-2.1497,-30.1048,-3.7012
-2.1497,-30.0817,-3.7012
-2.1266,-30.0587,-3.7012
-2.1266,-30.0126,-3.7012
-2.1497,-29.9896,-3.569
-2.1729,-29.9435,-3.7012
-2.1729,-29.9896,-3.7012
-2.1729,-30.0587,-3.569
-2.1497,-30.0817,-3.569
-2.1729,-30.0817,-3.569
-2.1729,-30.0817,-3.569
-2.196,-30.0587,-3.569
-2.2191,-30.0357,-3.569
-2.2191,-30.0357,-3.4368
-2.2191,-30.0817,-3.569
-2.2191,-30.1048,-3.569
-2.2422,-30.1048,-3.569
-2.2422,-30.0587,-3.569
-2.2653,-29.9435,-3.7012
-2.2884,-29.8284,-3.7012
-2.2653,-29.7592,-3.7012
-2.2653,-29.7592,-3.7012
-2.2884,-29.8053,-3.7012
-2.3116,-29.7823,-3.7012
-2.3347,-29.7823,-3.7012
-2.3116,-29.8053,-3.569
-2.3347,-29.7823,-3.569
-2.3578,-29.7823,-3.569
-2.3578,-29.8053,-3.569
-2.3578,-29.8053,-3.7012
-2.3578,-29.8284,-3.7012
-2.3347,-29.8284,-3.8334
-2.3347,-29.7823,-3.8334
-2.3347,-29.7132,-3.8334
-2.3347,-29.6901,-3.7012
-2.3116,-29.621,-3.8334
-2.3116,-29.621,-3.7012
-2.3116,-29.6441,-3.8334
-2.3116,-29.6671,-3.8334
-2.3116,-29.6901,-3.8334
-2.3116,-29.6901,-3.8334
-2.3116,-29.6901,-3.8334
-2.3347,-29.7132,-3.8334
-2.3347,-29.6901,-3.8334
-2.3578,-29.6671,-3.8334
-2.3578,-29.6441,-3.8334
-2.3809,-29.6441,-3.9656
-2.3809,-29.6671,-3.8334
-2.3578,-29.6901,-3.8334
-2.3347,-29.6671,-3.8334
-2.3347,-29.621,-3.8334
-2.3578,-29.6441,-3.8334
-2.3578,-29.6901,-3.7012
-2.3347,-29.7362,-3.7012
-2.3347,-29.7823,-3.8334
-2.3347,-29.7592,-3.8334
-2.3578,-29.7132,-3.8334
-2.3578,-29.6441,-3.8334
-2.3809,-29.575,-3.7012
-2.3809,-29.598,-3.7012
-2.3809,-29.6441,-3.7012
-2.3578,-29.7592,-3.7012
-2.3116,-29.8744,-3.8334
-2.3116,-29.8744,-3.8334
-2.3116,-29.8053,-3.8334
-2.3578,-29.7362,-3.7012
-2.3578,-29.7132,-3.7012
-2.3347,-29.7592,-3.7012
-2.3578,-29.8514,-3.569
-2.3578,-29.9435,-3.7012
-2.3578,-29.9666,-3.7012
-2.3347,-29.9435,-3.8334
-2.3347,-29.8284,-3.8334
-2.3347,-29.7592,-3.8334
-2.3809,-29.7362,-3.8334
-2.3809,-29.7823,-3.7012
-2.3347,-29.9205,-3.8334
-2.3578,-29.9896,-3.8334
-2.3578,-29.9896,-3.8334
-2.3347,-29.9666,-3.8334
-2.3578,-30.0357,-3.8334
-2.3578,-30.0817,-3.8334
-2.3578,-30.0817,-3.8334
-2.3578,-30.0817,-3.8334
-2.3809,-30.0587,-3.8334
-2.404,-30.0357,-3.8334
-2.3809,-30.0587,-3.8334
-2.3578,-30.0817,-3.8334
-2.3347,-30.1278,-3.8334
-2.3578,-30.1278,-3.8334
-2.404,-30.0817,-3.8334
-2.4271,-30.0587,-3.8334
-2.4503,-30.0587,-3.8334
-2.3809,-30.0817,-3.7012
-2.3347,-30.1278,-3.7012
-2.3347,-30.1508,-3.8334
-2.3116,-30.1508,-3.8334
-2.3347,-30.1278,-3.8334
-2.404,-30.0817,-3.8334
-2.404,-30.0587,-3.8334
-2.404,-30.1508,-3.8334
-2.404,-30.2199,-3.8334
-2.404,-30.243,-3.8334
-2.404,-30.289,-3.8334
-2.404,-30.266,-3.7012
-2.4271,-30.266,-3.7012
-2.3809,-30.289,-3.8334
-2.3809,-30.3351,-3.7012
-2.3809,-30.4042,-3.7012
-2.3809,-30.4733,-3.7012
-2.3809,-30.4963,-3.569
-2.3347,-30.4963,-3.7012
-2.3578,-30.4733,-3.569
-2.3578,-30.3812,-3.569
-2.3809,-30.289,-3.569
-2.3578,-30.266,-3.7012
-2.3578,-30.266,-3.7012
-2.3578,-30.266,-3.7012
-2.3347,-30.3351,-3.7012
-2.3578,-30.3812,-3.7012
-2.3578,-30.3812,-3.7012
-2.3809,-30.3812,-3.569
-2.3809,-30.3581,-3.7012
-2.3578,-30.3121,-3.7012
-2.3578,-30.289,-3.569
-2.3578,-30.266,-3.7012
-2.3578,-30.266,-3.7012
-2.3347,-30.243,-3.7012
-2.3578,-30.2199,-3.7012
-2.3809,-30.1739,-3.569
-2.404,-30.1278,-3.569
-2.4271,-30.1048,-3.569
-2.404,-30.1508,-3.7012
-2.404,-30.1969,-3.7012
-2.404,-30.2199,-3.7012
-2.404,-30.2199,-3.7012
-2.3809,-30.243,-3.7012
-2.404,-30.2199,-3.8334
-2.3809,-30.1739,-3.8334
-2.404,-30.1508,-3.7012
-2.404,-30.1278,-3.7012
-2.404,-30.1278,-3.7012
-2.404,-30.1048,-3.569
-2.4271,-30.0817,-3.569
-2.404,-30.1048,-3.4368
-2.404,-30.0817,-3.4368
-2.4271,-30.0126,-3.569
-2.4503,-29.9896,-3.569
-2.4734,-29.9896,-3.569
-2.4503,-30.0126,-3.7012
-2.4734,-29.9896,-3.7012
-2.4503,-30.0357,-3.7012
-2.4734,-30.0587,-3.7012
-2.4734,-30.0587,-3.7012
-2.4503,-30.0817,-3.569
-2.4503,-30.1739,-3.569
-2.404,-30.243,-3.7012
-2.4271,-30.243,-3.569
-2.404,-30.2199,-3.569
-2.404,-30.1508,-3.569
-2.4503,-30.1048,-3.569
-2.4503,-30.0357,-3.569
-2.4734,-29.9896,-3.4368
-2.5196,-30.0126,-3.569
-2.5196,-30.0357,-3.569
-2.4965,-30.0587,-3.569
-2.4503,-30.1048,-3.569
-2.4734,-30.0817,-3.569
-2.4965,-30.0587,-3.569
-2.4965,-30.0587,-3.569
-2.5196,-30.0817,-3.569
-2.4734,-30.1278,-3.569
-2.4503,-30.243,-3.569
-2.4503,-30.266,-3.7012
-2.4503,-30.289,-3.569
-2.4503,-30.289,-3.569
-2.4734,-30.243,-3.569
-2.4965,-30.243,-3.569
-2.5427,-30.243,-3.569
-2.5658,-30.2199,-3.4368
-2.5658,-30.1739,-3.569
-2.6121,-30.2199,-3.4368
-2.5889,-30.2199,-3.569
-2.5889,-30.2199,-3.4368
-2.5658,-30.266,-3.569
-2.5658,-30.266,-3.7012
-2.5427,-30.289,-3.7012
-2.4965,-30.3121,-3.7012
-2.4734,-30.289,-3.569
-2.4734,-30.3121,-3.7012
-2.4734,-30.3121,-3.7012
-2.4965,-30.289,-3.7012
-2.5196,-30.2199,-3.7012
-2.5427,-30.1969,-3.569
-2.5658,-30.2199,-3.4368
-2.5427,-30.243,-3.569
-2.5196,-30.266,-3.569
-2.5196,-30.289,-3.569
-2.5196,-30.3121,-3.7012
-2.5196,-30.289,-3.569
-2.4965,-30.266,-3.569
-2.4965,-30.243,-3.569
-2.4965,-30.2199,-3.569
-2.5196,-30.1739,-3.569
-2.5196,-30.1508,-3.569
-2.5196,-30.1508,-3.569
-2.5196,-30.1739,-3.569
-2.5196,-30.1278,-3.569
-2.5427,-30.0587,-3.569
-2.5427,-29.9896,-3.569
-2.5427,-29.9435,-3.569
-2.5427,-29.9666,-3.569
-2.4965,-30.0126,-3.569
-2.4503,-30.1048,-3.7012
-2.4271,-30.1739,-3.7012
-2.404,-30.1278,-3.7012
-2.3809,-29.9896,-3.569
-2.4271,-29.8744,-3.569
-2.4271,-29.7823,-3.4368
-2.4503,-29.8053,-3.569
-2.4271,-29.9666,-3.4368
-2.4271,-30.0587,-3.569
-2.4271,-30.0817,-3.569
-2.4503,-30.0357,-3.569
-2.4734,-29.9666,-3.569
-2.4503,-29.9435,-3.4368
-2.4503,-29.8975,-3.4368
-2.4271,-29.8744,-3.4368
-2.4271,-29.8975,-3.4368
-2.4503,-29.9205,-3.569
-2.4271,-29.8744,-3.4368
-2.4271,-29.8053,-3.4368
-2.4734,-29.7592,-3.569
-2.4734,-29.7592,-3.569
-2.4503,-29.7362,-3.569
-2.404,-29.7823,-3.7012
-2.404,-29.8053,-3.7012
-2.3809,-29.7823,-3.7012
-2.404,-29.7362,-3.7012
-2.4271,-29.6671,-3.7012
-2.404,-29.6671,-3.7012
-2.4271,-29.621,-3.7012
-2.404,-29.621,-3.7012
-2.404,-29.598,-3.7012
-2.4271,-29.5519,-3.7012
-2.4271,-29.5519,-3.7012
-2.4503,-29.5289,-3.7012
-2.4271,-29.5519,-3.7012
-2.4271,-29.5519,-3.7012
-2.4503,-29.598,-3.569
-2.4271,-29.598,-3.569
-2.404,-29.575,-3.7012
-2.3809,-29.598,-3.569
-2.404,-29.598,-3.569
-2.4271,-29.575,-3.569
-2.404,-29.598,-3.569
-2.3809,-29.6441,-3.569
-2.404,-29.6441,-3.7012
-2.4271,-29.6441,-3.569
-2.4271,-29.621,-3.8334
-2.4271,-29.5059,-3.8334
-2.4503,-29.4368,-3.7012
-2.4734,-29.4137,-3.569
-2.4503,-29.4368,-3.4368
-2.404,-29.4828,-3.569
-2.4271,-29.4828,-3.569
-2.4271,-29.4598,-3.569
-2.4503,-29.4368,-3.569
-2.4271,-29.4368,-3.569
-2.3809,-29.5519,-3.569
-2.3809,-29.575,-3.569
-2.3578,-29.621,-3.569
-2.3809,-29.6441,-3.7012
-2.3809,-29.598,-3.7012
-2.404,-29.5059,-3.569
-2.3809,-29.4828,-3.569
-2.3578,-29.5059,-3.569
-2.3347,-29.598,-3.7012
-2.2884,-29.6901,-3.7012
-2.2884,-29.7132,-3.7012
-2.3347,-29.6441,-3.569
-2.3578,-29.575,-3.569
-2.3809,-29.5289,-3.569
-2.404,-29.4828,-3.569
-2.3809,-29.4598,-3.7012
-2.3809,-29.5519,-3.7012
-2.3809,-29.5289,-3.7012
-2.404,-29.4828,-3.8334
-2.4271,-29.4598,-3.7012
-2.4503,-29.4368,-3.7012
-2.4503,-29.4598,-3.7012
-2.4734,-29.4828,-3.7012
-2.4734,-29.4828,-3.7012
-2.4503,-29.5059,-3.8334
-2.4734,-29.575,-3.7012
-2.4503,-29.598,-3.7012
-2.4271,-29.621,-3.7012
-2.4503,-29.575,-3.7012
-2.4734,-29.5289,-3.7012
-2.4503,-29.5289,-3.7012
-2.4734,-29.575,-3.7012
-2.4965,-29.6441,-3.7012
-2.4734,-29.7132,-3.8334
-2.4734,-29.7362,-3.8334
-2.4965,-29.6901,-3.8334
-2.4734,-29.575,-3.7012
-2.5196,-29.5059,-3.7012
-2.5196,-29.4828,-3.7012
-2.4965,-29.5519,-3.7012
-2.4734,-29.598,-3.569
-2.4965,-29.6441,-3.7012
-2.5196,-29.598,-3.8334
-2.5427,-29.5519,-3.8334
-2.5196,-29.4598,-3.7012
-2.5427,-29.4368,-3.7012
-2.5427,-29.4828,-3.7012
-2.5427,-29.598,-3.7012
-2.5658,-29.6671,-3.8334
-2.5427,-29.6901,-3.8334
-2.5889,-29.6671,-3.7012
-2.5889,-29.6671,-3.7012
-2.5658,-29.6671,-3.7012
-2.5427,-29.6671,-3.7012
-2.5427,-29.6671,-3.7012
-2.5658,-29.6671,-3.7012
-2.5889,-29.6901,-3.7012
-2.5889,-29.6671,-3.7012
-2.6121,-29.6671,-3.8334
-2.6121,-29.6901,-3.7012
-2.5889,-29.7362,-3.7012
-2.5889,-29.7823,-3.7012
-2.5889,-29.7592,-3.7012
-2.5889,-29.7362,-3.7012
-2.5889,-29.6901,-3.8334
-2.6121,-29.7592,-3.7012
-2.5889,-29.8514,-3.7012
-2.5889,-29.9205,-3.7012
-2.5658,-29.9435,-3.7012
-2.6121,-29.8744,-3.7012
-2.6121,-29.7823,-3.7012
-2.6352,-29.6441,-3.7012
-2.6352,-29.621,-3.8334
-2.6352,-29.6901,-3.7012
-2.6814,-29.8053,-3.7012
-2.6814,-29.8975,-3.7012
-2.7045,-29.9435,-3.569
-2.7276,-29.9435,-3.7012
-2.7276,-29.8744,-3.7012
-2.7508,-29.8514,-3.7012
-2.7508,-29.8514,-3.7012
-2.7508,-29.9205,-3.7012
-2.7739,-30.0126,-3.7012
-2.7508,-30.0126,-3.8334
-2.7276,-29.9896,-3.8334
-2.7276,-29.9666,-3.8334
-2.7045,-29.9205,-3.8334
-2.7045,-29.8744,-3.8334
-2.7276,-29.8744,-3.8334
-2.7045,-29.9435,-3.7012
-2.6814,-30.0587,-3.8334
-2.7045,-30.1278,-3.8334
-2.7045,-30.1508,-3.8334
-2.7045,-30.1278,-3.8334
-2.7276,-30.1278,-3.8334
-2.7276,-30.1048,-3.8334
-2.7045,-30.0817,-3.8334
-2.6583,-30.0126,-3.9656
-2.6583,-30.0357,-4.0978
-2.6814,-30.0126,-3.8334
-2.7276,-29.9896,-3.8334
-2.7276,-29.9666,-3.8334
-2.7508,-29.9435,-3.9656
-2.7508,-29.9435,-3.9656
-2.7739,-29.9435,-3.8334
-2.7508,-29.9896,-3.9656
-2.7508,-30.0126,-4.0978
-2.7276,-29.9666,-4.0978
-2.7276,-29.8975,-4.0978
-2.7508,-29.8053,-4.0978
-2.7276,-29.7823,-3.9656
-2.6814,-29.8053,-3.9656
-2.6583,-29.8284,-3.9656
-2.6583,-29.8514,-3.8334
-2.6814,-29.8744,-3.9656
-2.6352,-29.8744,-3.8334
-2.6352,-29.8514,-3.8334
-2.6352,-29.8744,-3.8334
-2.6352,-29.8744,-3.8334
-2.6352,-29.9205,-3.9656
-2.6583,-29.9666,-3.9656
-2.6583,-29.9666,-3.9656
-2.6352,-29.9666,-3.9656
-2.6121,-29.9435,-3.9656
-2.6352,-29.8744,-3.8334
-2.6352,-29.8514,-3.8334
-2.6121,-29.8514,-3.9656
-2.6352,-29.8514,-3.8334
-2.6583,-29.8053,-3.8334
-2.7045,-29.7823,-3.8334
-2.7276,-29.7362,-3.8334
-2.7508,-29.7132,-3.8334
-2.7508,-29.7362,-3.9656
-2.7276,-29.7592,-3.9656
-2.6814,-29.7592,-3.9656
-2.6814,-29.8053,-3.8334
-2.7045,-29.7592,-3.8334
-2.7276,-29.6441,-3.8334
-2.7508,-29.6441,-3.8334
-2.7739,-29.6671,-3.8334
-2.7739,-29.6671,-3.8334
-2.7276,-29.7132,-3.8334
-2.7045,-29.7132,-3.8334
-2.7045,-29.7132,-3.8334
-2.7276,-29.7132,-3.8334
-2.7739,-29.7592,-3.7012
-2.7739,-29.7592,-3.8334
-2.7508,-29.7823,-3.8334
-2.7739,-29.7132,-3.7012
-2.7739,-29.598,-3.8334
-2.7739,-29.5519,-3.8334
-2.7739,-29.5289,-3.7012
-2.7739,-29.5519,-3.8334
-2.7739,-29.621,-3.8334
-2.7739,-29.6671,-3.7012
-2.7508,-29.6671,-3.8334
-2.7739,-29.621,-3.8334
-2.7739,-29.621,-3.8334
-2.7739,-29.598,-3.8334
-2.7508,-29.6441,-3.8334
-2.7739,-29.6671,-3.7012
-2.8201,-29.7132,-3.7012
-2.8432,-29.7592,-3.8334
-2.8663,-29.7132,-3.7012
-2.8432,-29.7132,-3.8334
-2.797,-29.7132,-3.7012
-2.7276,-29.7823,-3.7012
-2.7276,-29.8284,-3.8334
-2.7045,-29.8744,-3.8334
-2.7045,-29.8744,-3.7012
-2.7045,-29.8284,-3.8334
-2.7508,-29.8514,-3.7012
-2.7508,-29.8744,-3.7012
-2.7276,-29.9435,-3.8334
-2.7276,-30.0126,-3.8334
-2.7276,-30.0357,-3.8334
-2.7276,-30.0126,-3.8334
-2.7045,-29.9896,-3.7012
-2.7045,-29.9896,-3.7012
-2.6814,-30.0126,-3.8334
-2.6814,-30.0817,-3.8334
-2.7045,-30.1278,-3.7012
-2.7045,-30.1278,-3.7012
-2.7045,-30.0817,-3.7012
-2.7508,-30.0126,-3.7012
-2.7508,-29.9435,-3.7012
-2.7739,-29.9205,-3.7012
-2.797,-29.9205,-3.8334
-2.7739,-29.9666,-3.8334
-2.7739,-30.0357,-3.8334
-2.7739,-30.1048,-3.8334
-2.7508,-30.1048,-3.8334
-2.7508,-30.1278,-3.8334
-2.7045,-30.1969,-3.8334
-2.6814,-30.2199,-3.8334
-2.6352,-30.266,-3.8334
-2.6583,-30.289,-3.8334
-2.6814,-30.243,-3.8334
-2.7276,-30.1969,-3.8334
-2.7045,-30.1739,-3.8334
-2.7276,-30.1508,-3.8334
-2.6814,-30.1048,-3.8334
-2.6814,-30.0817,-3.8334
-2.7045,-30.0126,-3.8334
-2.7276,-29.9666,-3.8334
-2.7508,-29.8744,-3.7012
-2.7508,-29.8744,-3.8334
-2.7045,-29.9205,-3.8334
-2.7045,-30.0126,-3.8334
-2.6583,-30.0587,-3.8334
-2.6583,-30.0817,-3.8334
-2.6814,-30.0357,-3.8334
-2.7045,-29.8975,-3.8334
-2.7276,-29.8744,-3.8334
-2.7276,-29.8744,-3.8334
-2.6814,-29.9666,-3.8334
-2.6814,-29.9666,-3.8334
-2.6583,-29.9435,-3.8334
-2.7045,-29.8744,-3.9656
-2.6814,-29.8053,-3.8334
-2.6814,-29.7823,-3.8334
-2.7045,-29.8284,-3.8334
-2.6814,-29.9205,-3.8334
-2.6814,-29.9435,-3.8334
-2.7045,-29.9896,-3.8334
-2.7045,-29.9896,-3.8334
-2.7045,-29.9896,-3.8334
-2.6814,-30.0357,-3.8334
-2.6352,-30.0817,-3.8334
-2.6583,-30.1278,-3.7012
-2.6583,-30.0817,-3.8334
-2.6352,-30.0817,-3.8334
-2.6814,-30.0357,-3.7012
-2.6583,-30.0817,-3.7012
-2.6352,-30.1739,-3.8334
-2.6121,-30.1739,-3.7012
-2.5889,-30.1278,-3.8334
-2.6583,-30.0587,-3.8334
-2.6814,-30.0817,-3.8334
-2.7045,-30.0587,-3.8334
-2.7045,-30.0817,-3.7012
-2.7045,-30.0817,-3.8334
-2.7508,-30.0587,-3.8334
-2.7276,-30.0587,-3.8334
-2.797,-30.0357,-3.7012
-2.7739,-29.9896,-3.8334
-2.7739,-29.9435,-3.8334
-2.7739,-29.9666,-3.7012
-2.7508,-29.9896,-3.8334
-2.7045,-29.9435,-3.8334
-2.7276,-29.8975,-3.7012
-2.7276,-29.7823,-3.7012
-2.7508,-29.7132,-3.8334
-2.7508,-29.6671,-3.8334
-2.7739,-29.598,-3.8334
-2.7045,-29.5519,-3.7012
-2.6814,-29.5059,-3.7012
-2.7045,-29.5059,-3.7012
-2.7045,-29.4368,-3.8334
-2.7276,-29.4137,-3.8334
-2.6814,-29.4137,-3.8334
-2.6583,-29.2986,-3.8334
-2.6583,-29.2525,-3.8334
-2.6814,-29.1604,-3.8334
-2.6583,-29.0682,-3.8334
-2.7276,-28.93,-3.8334
-2.7276,-28.7918,-3.8334
-2.7508,-28.5385,-3.8334
-2.7739,-28.4463,-3.8334
-2.7739,-28.4463,-3.8334
-2.7739,-28.4233,-3.8334
-2.7508,-28.4003,-3.7012
-2.7739,-28.2851,-3.8334
-2.7739,-28.216,-3.8334
-2.7276,-28.193,-3.8334
-2.7508,-28.1699,-3.8334
-2.7045,-28.216,-3.8334
-2.7045,-28.193,-3.8334
-2.7045,-28.1699,-3.8334
-2.6814,-28.1699,-3.8334
-2.6814,-28.1008,-3.8334
-2.6583,-28.0317,-3.8334
-2.6814,-27.9396,-3.8334
-2.7045,-27.8705,-3.8334
-2.6814,-27.8705,-3.8334
-2.6814,-27.8244,-3.8334
-2.7045,-27.8014,-3.8334
-2.7045,-27.8244,-3.8334
-2.7045,-27.7553,-3.8334
-2.7508,-27.7553,-3.8334
-2.7276,-27.7784,-3.8334
-2.6583,-27.8475,-3.8334
-2.6121,-27.9626,-3.7012
-2.5658,-28.0317,-3.8334
-2.5889,-27.9857,-3.8334
-2.6352,-27.9396,-3.7012
-2.6583,-27.9166,-3.7012
-2.6352,-27.9626,-3.7012
-2.6352,-28.0087,-3.7012
-2.6121,-28.0317,-3.7012
-2.5889,-28.0087,-3.7012
-2.5658,-27.9396,-3.7012
-2.6121,-27.7323,-3.7012
-2.6121,-27.5711,-3.569
-2.6583,-27.3868,-3.569
-2.6352,-27.2947,-3.4368
-2.6121,-27.1795,-3.4368
-2.5889,-27.0183,-3.4368
-2.5889,-26.857,-3.4368
-2.5658,-26.4885,-3.569
-2.5427,-26.2121,-3.4368
-2.5658,-25.8896,-3.4368
-2.5427,-25.6132,-3.3046
-2.5427,-25.3138,-3.4368
-2.4965,-24.9222,-3.3046
-2.4503,-24.4155,-3.1725
-2.4271,-23.7705,-3.3046
-2.404,-23.0104,-3.569
-2.3809,-22.1812,-3.4368
-2.3809,-21.3751,-3.4368
-2.3578,-20.5458,-3.569
-2.3578,-19.8318,-3.569
-2.3116,-19.0947,-3.4368
-2.2884,-18.3116,-3.4368
-2.2422,-17.4594,-3.569
-2.1729,-16.538,-3.4368
-2.1035,-15.5245,-3.569
-1.9879,-14.5571,-3.4368
-1.9186,-13.6819,-3.4368
-1.8261,-12.8296,-3.3046
-1.7568,-12.0234,-3.4368
-1.7105,-11.3324,-3.1725
-1.6874,-10.5263,-3.1725
-1.6643,-9.7201,-3.1725
-1.6412,-8.8909,-3.1725
-1.5718,-8.0617,-3.1725
-1.5487,-7.3707,-3.0403
-1.4794,-6.6797,-2.9081
-1.3869,-6.0578,-2.7759
-1.3176,-5.4359,-3.0403
-1.2713,-4.9752,-2.9081
-1.202,-4.5376,-3.0403
-1.0864,-4.0999,-3.0403
-1.0864,-3.5932,-3.0403
-1.0171,-3.1095,-3.0403
-0.9939,-2.6488,-3.0403
-0.9708,-2.2112,-2.7759
-0.8784,-1.7966,-2.7759
-0.8321,-1.4971,-2.3793
-0.7859,-1.1747,-2.3793
-0.7397,-0.8522,-2.2471
-0.7165,-0.4837,-2.115
-0.6934,-0.2303,-2.2471
-0.6703,0.1612,-1.8506
-0.6241,0.714,-1.7184
-0.601,1.2668,-1.5862
-0.5779,1.7735,-1.454
-0.5085,2.073,-1.454
-0.4854,2.2803,-1.3218
-0.416,2.5797,-1.1896
-0.3698,2.9482,-1.1896
-0.3467,3.3859,-1.0575
-0.2773,3.8005,-0.6609
-0.2542,4.2151,-0.5287
-0.208,4.6527,-0.2643
-0.2311,5.0904,0.1321
-0.208,5.505,0.2643
-0.1849,5.8735,0.6609
-0.1618,6.196,0.6609
-0.0924,6.5184,0.7931
-0.0231,6.8639,0.9253
0.0,7.2555,1.1896
0.0,7.6471,1.454
0.0,8.0386,1.5862
0.0,8.4532,1.7184
0.0,8.7757,1.9828
0.0,9.0982,2.115
0.0,9.3285,2.2471
0.0,9.5589,2.3793
0.0231,9.8122,2.5115
0.0693,10.0656,2.5115
0.0924,10.2959,2.6437
0.1386,10.6184,2.6437
0.1849,10.8718,3.0403
0.1618,11.1712,3.1725
0.1849,11.4476,3.3046
0.208,11.6549,3.4368
0.208,11.8392,3.3046
0.208,11.9543,3.4368
0.208,12.0465,3.569
0.208,12.1156,3.7012
0.208,12.1616,3.8334
0.2542,12.2307,3.7012
0.208,12.3459,3.8334
0.208,12.4611,3.9656
0.208,12.5993,3.8334
0.2542,12.7144,3.9656
0.2311,12.8066,3.9656
0.2773,12.9678,3.9656
0.2542,13.1521,4.0978
0.2542,13.3824,4.0978
0.2542,13.6128,4.23
0.2773,13.8431,4.4943
0.3005,14.0504,4.4943
0.3467,14.2347,4.7587
0.3698,14.4189,4.8909
0.3698,14.6723,4.8909
0.3929,14.9026,5.1553
0.3929,15.133,5.2875
0.3929,15.4094,5.4196
0.4392,15.6627,5.5518
0.416,15.9391,5.5518
0.3929,16.2155,5.684
0.4392,16.4919,5.684
0.416,16.7683,5.9484
0.4392,17.0448,5.9484
0.4392,17.4133,6.0806
0.416,17.8049,6.2128
0.416,18.2195,6.4771
0.4392,18.588,6.6093
0.4392,18.8644,6.7415
0.4392,19.0717,6.8737
0.5085,19.2329,6.8737
0.5085,19.3711,7.0059
0.5085,19.5784,7.0059
0.5316,19.7857,7.0059
0.5316,20.0161,7.0059
0.5547,20.3155,7.4025
0.5779,20.4998,7.2703
0.601,20.684,7.4025
0.6241,20.8683,7.5346
0.601,21.0526,7.5346
0.5779,21.2829,7.6668
0.601,21.5363,7.799
0.5779,21.7666,7.9312
0.6241,21.9279,7.9312
0.6472,21.9509,7.9312
0.6703,21.9509,8.0634
0.6934,22.02,8.0634
0.7165,22.1812,8.1956
0.6703,22.3655,8.1956
0.6472,22.5958,8.3278
0.6472,22.8722,8.3278
0.6472,23.0565,8.46
0.6472,23.2177,8.5922
0.6472,23.4481,8.7243
0.6472,23.7014,8.7243
0.6241,23.9548,8.8565
0.6241,24.2082,8.8565
0.601,24.4615,8.9887
0.6241,24.6458,9.1209
0.6934,24.6919,8.9887
0.6934,24.6919,8.9887
0.7165,24.6919,8.9887
0.7628,24.6919,8.8565
0.7628,24.761,8.9887
0.7165,24.8531,8.9887
0.6934,24.9913,9.2531
0.6934,25.0604,9.2531
0.6934,25.1295,9.3853
0.6934,25.1065,9.3853
0.6934,25.1065,9.3853
0.6703,25.1065,9.3853
0.6703,25.1756,9.5175
0.6703,25.2677,9.5175
0.7165,25.4059,9.6497
0.7397,25.5441,9.6497
0.7397,25.6823,9.7818
0.7859,25.7745,9.7818
0.7859,25.8666,9.7818
0.7859,26.0278,9.914
0.7628,26.2582,9.914
0.7628,26.4655,9.914
0.7859,26.6037,10.1784
0.7859,26.7419,10.3106
0.8321,26.834,10.1784
0.8321,26.9952,10.3106
0.809,27.1795,10.4428
0.8321,27.4329,10.7072
0.7859,27.6171,10.7072
0.809,27.7784,10.7072
0.8784,27.9166,10.8393
0.9015,28.1008,10.8393
0.9246,28.3312,10.9715
0.9708,28.5615,11.2359
0.9708,28.7688,11.2359
1.0402,28.9991,11.3681
1.0402,29.0913,11.5003
1.0402,29.1834,11.5003
1.0402,29.2755,11.6325
1.1095,29.3446,11.5003
1.1095,29.4137,11.6325
1.1326,29.5289,11.6325
1.1095,29.6671,11.7647
1.0864,29.8053,11.7647
1.1095,29.8975,11.8968
1.1326,30.0357,11.8968
1.1789,30.0587,11.7647
1.1789,30.0357,11.7647
1.202,29.9896,11.6325
1.202,29.9896,11.7647
1.202,30.0357,11.7647
1.202,30.0817,11.7647
1.202,30.1048,11.7647
1.2251,30.0817,11.7647
1.202,30.0357,11.6325
1.202,30.0126,11.5003
1.1789,30.0587,11.6325
1.1789,30.1508,11.7647
1.1326,30.289,11.8968
1.1326,30.4733,11.7647
1.1326,30.5424,11.7647
1.1558,30.5654,11.7647
1.1558,30.5654,11.7647
1.1558,30.6576,11.6325
1.1326,30.7958,11.7647
1.1326,30.98,11.8968
1.1095,31.1182,12.029
1.1326,31.2795,12.1612
1.1558,31.3716,12.029
1.1558,31.4407,12.1612
1.1789,31.5789,12.2934
1.1789,31.7632,12.2934
1.202,31.9935,12.5578
1.202,32.2008,12.5578
1.202,32.3851,12.5578
1.2482,32.5002,12.5578
1.2944,32.5924,12.69
1.2713,32.7536,12.69
1.2482,32.8918,12.69
1.2251,33.03,12.8222
1.2251,33.0761,12.8222
1.2251,32.9609,12.8222
1.2713,32.7536,12.69
1.2251,32.5233,12.4256
1.2251,32.2008,12.4256
1.202,31.9474,12.4256
1.1789,31.6941,12.1612
1.1558,31.4868,12.1612
1.1326,31.3255,12.029
1.1326,31.1643,11.8968
1.0864,30.9109,11.7647
1.0633,30.6806,11.5003
1.0402,30.5194,11.5003
1.0171,30.4963,11.3681
1.0171,30.5654,11.5003
1.0171,30.6576,11.3681
1.0633,30.6345,11.5003
1.0633,30.5885,11.3681
1.0633,30.4963,11.3681
1.0633,30.4733,11.2359
1.0402,30.4503,11.2359
1.0402,30.5654,11.2359
1.0171,30.6806,11.3681
1.0633,30.8188,11.5003
1.1095,30.8879,11.6325
1.1095,30.8188,11.5003
1.1095,30.7958,11.5003
1.0864,30.8418,11.5003
1.1095,30.8649,11.5003
1.1095,30.8188,11.5003
1.1326,30.7267,11.5003
1.1558,30.5654,11.3681
1.1789,30.4042,11.3681
1.1326,30.3121,11.2359
1.1095,30.3121,11.3681
1.1095,30.3351,11.3681
1.0864,30.4503,11.2359
1.1095,30.5194,11.3681
1.0864,30.5194,11.3681
1.1326,30.4733,11.2359
1.1558,30.4042,11.3681
1.1326,30.4272,11.1037
1.1789,30.4503,11.2359
1.1558,30.4963,11.2359
1.1789,30.6115,11.3681
1.202,30.6345,11.3681
1.1789,30.6115,11.5003
1.1789,30.6115,11.5003
1.202,30.4733,11.5003
1.1558,30.3812,11.3681
1.1326,30.3351,11.3681
1.1095,30.3812,11.2359
1.1095,30.4503,11.3681
1.0864,30.4963,11.2359
1.0633,30.4963,11.2359
1.0633,30.4272,11.1037
1.0402,30.3121,11.5003
1.0864,30.243,11.2359
1.0633,30.1969,11.2359
1.0864,30.1969,11.3681
1.1095,30.243,11.3681
1.1789,30.2199,11.3681
1.202,30.266,11.3681
1.2251,30.243,11.2359
1.2251,30.2199,11.2359
1.2251,30.243,11.2359
1.202,30.266,11.2359
1.1558,30.3121,11.1037
1.1326,30.4733,11.1037
1.1558,30.5194,11.1037
1.1326,30.6115,11.2359
1.1558,30.6806,11.2359
1.1789,30.6576,11.2359
1.202,30.6345,11.2359
1.1789,30.6115,11.1037
1.2251,30.6115,11.1037
1.2482,30.6115,11.1037
1.2251,30.5654,10.9715
1.2713,30.4503,10.9715
1.2713,30.4272,10.9715
1.2944,30.3812,11.1037
1.2944,30.3581,11.1037
1.2482,30.3812,11.2359
1.202,30.5424,11.1037
1.202,30.6576,11.1037
1.202,30.7497,11.2359
1.2251,30.7497,11.2359
1.2251,30.7267,11.1037
1.2251,30.6115,10.9715
1.202,30.6115,10.9715
1.202,30.6115,10.9715
1.1789,30.6345,10.9715
1.1789,30.6806,11.1037
1.1789,30.6806,11.1037
1.202,30.6576,11.1037
1.1789,30.6806,11.1037
1.202,30.6345,11.1037
1.202,30.6345,10.9715
1.2251,30.6576,10.9715
1.2482,30.6576,10.9715
1.2482,30.7036,11.1037
1.2251,30.7267,11.1037
1.2482,30.7267,11.1037
1.2482,30.6576,10.9715
1.2251,30.5654,11.1037
1.2251,30.5424,10.9715
1.202,30.5194,10.9715
1.202,30.5654,10.9715
1.202,30.6345,11.1037
1.202,30.6345,11.1037
1.1789,30.6345,10.9715
1.2251,30.5424,10.9715
1.202,30.5194,10.9715
1.2251,30.5194,10.9715
1.2251,30.5654,11.1037
1.2482,30.6115,11.1037
1.2482,30.6115,11.1037
1.2482,30.5654,10.9715
1.2251,30.5654,10.9715
1.2251,30.5424,10.9715
1.202,30.5885,10.9715
1.202,30.6115,10.9715
1.1789,30.6345,11.1037
1.202,30.6115,10.9715
1.2251,30.5424,10.9715
1.2251,30.4733,10.9715
1.2251,30.4503,10.9715
1.2251,30.4733,10.9715
1.2251,30.5885,10.9715
1.2482,30.6576,10.9715
1.2482,30.6576,10.9715
1.2944,30.6576,10.9715
1.2713,30.6576,10.9715
1.2713,30.6576,10.9715
1.2713,30.6345,10.9715
1.2713,30.6576,10.9715
1.2713,30.6806,10.9715
1.2482,30.6576,10.8393
1.2713,30.6115,10.8393
1.2713,30.5424,10.9715
1.2713,30.4963,10.8393
1.2482,30.3812,10.8393
1.2251,30.3351,10.8393
1.2251,30.4042,10.8393
1.2713,30.4042,10.9715
1.2482,30.4963,10.8393
1.2944,30.4733,10.7072
1.2713,30.4733,10.7072
1.2944,30.4272,10.7072
1.2944,30.4042,10.7072
1.2482,30.4042,10.7072
1.2482,30.3812,10.8393
1.2482,30.4272,10.8393
1.2482,30.4503,10.8393
1.2482,30.3581,10.8393
1.2482,30.3351,10.7072
1.2251,30.266,10.7072
1.2251,30.2199,10.7072
1.2251,30.289,10.8393
1.2713,30.3121,10.7072
1.2251,30.3581,10.7072
1.2482,30.3812,10.7072
1.202,30.3581,10.7072
1.202,30.3812,10.7072
1.1789,30.3581,10.575
1.1558,30.3581,10.7072
1.1789,30.3812,10.8393
1.1789,30.3812,10.8393
1.202,30.3351,10.7072
1.202,30.289,10.7072
1.2482,30.289,10.7072
1.2482,30.289,10.7072
1.2251,30.3121,10.7072
1.2251,30.3581,10.575
1.2482,30.3351,10.575
1.2482,30.3121,10.575
1.2713,30.243,10.575
1.2482,30.1739,10.4428
1.2482,30.1969,10.4428
1.2251,30.266,10.4428
1.202,30.3812,10.7072
1.2251,30.3812,10.7072
1.202,30.3351,10.575
1.2251,30.3121,10.575
1.2251,30.3121,10.575
1.2251,30.3351,10.575
1.202,30.3121,10.575
1.202,30.3581,10.575
1.2251,30.289,10.575
1.2482,30.1969,10.4428
1.2482,30.1278,10.3106
1.2482,30.0357,10.4428
1.2482,30.0357,10.4428
1.2482,30.0357,10.4428
1.202,30.1278,10.4428
1.2251,30.1278,10.4428
1.2482,30.0817,10.4428
1.202,30.0357,10.3106
1.202,29.9666,10.3106
1.202,29.9435,10.3106
1.1789,29.9896,10.3106
1.1326,30.0587,10.3106
1.1558,30.0357,10.4428
1.1558,29.9896,10.3106
1.1558,29.9435,10.3106
1.1789,29.8284,10.1784
1.1789,29.7362,10.1784
1.1789,29.7132,10.1784
1.1558,29.7592,10.1784
1.1558,29.8053,10.1784
1.1558,29.8284,10.3106
1.1558,29.8284,10.1784
1.1789,29.8284,10.1784
1.1789,29.8284,10.3106
1.1558,29.8284,10.1784
1.1558,29.9205,10.1784
1.1558,30.0126,10.1784
1.1789,30.0126,10.1784
1.1789,30.0357,10.1784
1.202,30.0357,10.1784
1.2251,29.9435,10.1784
1.202,29.9666,10.1784
1.2482,29.9896,10.1784
1.2482,30.0126,10.1784
1.202,30.0357,10.3106
1.2251,30.0587,10.1784
1.2482,30.0357,10.3106
1.2482,30.0817,10.1784
1.2482,30.0587,10.1784
1.2482,30.0817,10.0462
1.2482,30.1048,10.1784
1.2482,30.1048,10.1784
1.2251,30.1048,10.1784
1.202,30.0817,10.1784
1.1789,30.1048,10.1784
1.1558,29.9896,10.0462
1.1789,29.9435,10.0462
1.1789,29.9666,10.0462
1.1558,29.9896,10.0462
1.1789,30.0126,10.0462
1.1789,29.9896,10.1784
1.202,29.9435,10.1784
1.202,29.8975,10.1784
1.1789,29.9205,10.1784
1.202,29.9205,10.1784
1.202,29.9205,10.0462
1.2251,29.9666,10.0462
1.2713,30.0126,10.0462
1.2482,30.0817,10.3106
1.2713,30.0817,10.3106
1.2482,30.0817,10.1784
1.2251,30.0817,10.0462
1.202,30.0817,10.1784
1.202,30.1048,10.0462
1.2251,30.1278,10.0462
1.2251,30.1508,10.1784
1.2482,30.1739,10.0462
1.2713,30.1969,10.1784
1.2713,30.1969,10.1784
1.2482,30.1969,10.1784
1.2251,30.1969,10.0462
1.2251,30.1739,10.0462
1.2251,30.243,10.0462
1.2713,30.266,10.1784
1.2713,30.289,10.1784
1.2713,30.289,10.1784
1.2944,30.243,10.1784
1.2944,30.1739,10.1784
1.2944,30.1739,10.0462
1.2944,30.1969,10.0462
1.2944,30.243,10.0462
1.2944,30.243,10.0462
1.2713,30.266,10.1784
1.2713,30.2199,10.0462
1.2713,30.1739,10.0462
1.2482,30.0587,10.0462
1.2251,30.0126,10.0462
1.202,30.0357,9.914
1.202,30.1508,10.0462
1.202,30.1739,10.0462
1.2251,30.1508,10.0462
1.2482,30.0587,9.914
1.2713,29.9666,9.914
1.2482,29.8975,9.914
1.2482,29.8744,9.7818
1.2482,29.8514,9.914
1.2251,29.8744,9.914
1.2482,29.8514,9.914
1.2482,29.8053,9.914
1.2482,29.7823,9.914
1.2482,29.7823,9.7818
1.2251,29.7823,9.914
1.202,29.7823,9.914
1.1789,29.8284,9.914
1.1789,29.8284,9.914
1.1789,29.8053,9.7818
1.1789,29.7362,9.7818
1.2251,29.7132,9.7818
1.2251,29.7132,9.7818
1.202,29.7823,9.7818
1.2482,29.8284,9.7818
1.2251,29.8514,9.914
1.2482,29.8284,9.914
1.2713,29.8053,9.7818
1.2713,29.7592,9.7818
1.2482,29.7132,9.7818
1.2713,29.6901,9.7818
1.2482,29.7132,9.7818
1.2251,29.7592,9.7818
1.202,29.8053,9.7818
1.1789,29.8284,9.914
1.1789,29.8284,9.7818
1.1558,29.8053,9.7818
1.1558,29.7823,9.7818
1.1558,29.7362,9.7818
1.1558,29.7362,9.7818
1.1326,29.7132,9.7818
1.1558,29.7592,9.7818
1.1558,29.7132,9.6497
1.1558,29.6901,9.6497
1.1326,29.621,9.5175
1.1326,29.575,9.6497
1.1095,29.5059,9.6497
1.0864,29.5059,9.6497
1.0633,29.5519,9.6497
1.0402,29.598,9.6497
1.0171,29.621,9.6497
1.0402,29.6671,9.7818
1.0402,29.7132,9.6497
1.0633,29.7362,9.5175
1.0633,29.7362,9.6497
1.0402,29.7823,9.5175
1.0633,29.7823,9.6497
1.0633,29.8053,9.6497
1.0633,29.7592,9.5175
1.0864,29.7362,9.5175
1.1095,29.6671,9.6497
1.1326,29.598,9.6497
1.1095,29.5289,9.5175
1.1095,29.4598,9.3853
1.0864,29.4598,9.5175
1.0864,29.4598,9.3853
1.0402,29.4828,9.5175
1.0402,29.5059,9.3853
1.0633,29.5059,9.3853
1.0633,29.5059,9.3853
1.0864,29.5289,9.3853
1.0864,29.5289,9.3853
1.0864,29.5519,9.5175
1.0402,29.575,9.3853
1.0633,29.621,9.5175
1.0633,29.6671,9.5175
1.0633,29.6671,9.5175
1.0633,29.7132,9.5175
1.0633,29.7362,9.5175
1.0633,29.7362,9.5175
1.0633,29.6901,9.5175
1.0633,29.7132,9.5175
1.0633,29.7592,9.5175
1.0402,29.8284,9.5175
1.0633,29.8744,9.5175
1.0864,29.9205,9.3853
1.1095,29.9205,9.3853
1.0864,29.8514,9.3853
1.0864,29.7592,9.5175
1.0864,29.7592,9.3853
1.0633,29.7592,9.6497
1.0633,29.8514,9.3853
1.0633,29.8975,9.5175
1.0864,29.8975,9.3853
1.1326,29.8514,9.5175
1.1326,29.8514,9.3853
1.0864,29.7592,9.3853
1.0864,29.7823,9.3853
1.0633,29.7823,9.5175
1.0633,29.7362,9.3853
1.1095,29.7823,9.5175
1.1558,29.8053,9.5175
1.1326,29.8514,9.5175
1.1326,29.8975,9.6497
1.1326,29.9205,9.5175
1.1095,29.9205,9.5175
1.1095,29.9435,9.5175
1.1326,30.0587,9.5175
1.1326,30.1048,9.5175
1.1095,30.1278,9.5175
1.1326,30.1048,9.5175
1.1095,30.0357,9.5175
1.0864,30.0126,9.3853
1.0633,30.0587,9.3853
1.0402,30.0817,9.5175
1.0402,30.1048,9.5175
1.0633,30.1048,9.5175
1.0402,30.0357,9.5175
1.0633,29.9896,9.3853
1.0864,29.9896,9.3853
1.0864,30.0357,9.3853
1.1095,30.1508,9.5175
1.1326,30.1969,9.5175
1.1095,30.1969,9.6497
1.1326,30.1508,9.5175
1.1095,30.0817,9.5175
1.0864,30.0357,9.5175
1.0864,30.0817,9.5175
1.0864,30.1048,9.5175
1.0402,30.1278,9.5175
1.0633,30.1278,9.5175
1.0633,30.1508,9.5175
1.0402,30.1739,9.5175
1.0633,30.1969,9.3853
1.0633,30.1739,9.5175
1.0402,30.1508,9.3853
1.0402,30.1508,9.3853
1.0402,30.1739,9.5175
1.0633,30.1739,9.5175
1.0402,30.1739,9.5175
1.0402,30.1508,9.6497
1.0402,30.1508,9.5175
1.0402,30.1048,9.5175
1.0171,30.0587,9.5175
1.0171,30.0587,9.5175
1.0171,30.0587,9.5175
1.0171,30.0587,9.5175
1.0171,30.1048,9.5175
1.0171,30.0817,9.5175
1.0171,30.0587,9.3853
1.0171,29.9896,9.2531
1.0171,29.9205,9.3853
0.9939,29.8744,9.3853
0.9939,29.8744,9.2531
0.9939,29.8975,9.2531
0.9939,29.9205,9.2531
0.9939,29.8975,9.2531
0.9939,29.8284,9.2531
0.9939,29.8053,9.2531
0.9939,29.7823,9.2531
0.9708,29.8053,9.3853
0.9708,29.8514,9.2531
0.9477,29.8744,9.3853
0.9939,29.8514,9.3853
0.9708,29.7823,9.3853
0.9939,29.7592,9.2531
0.9939,29.7362,9.2531
0.9708,29.7823,9.3853
0.9477,29.8975,9.3853
0.9708,29.8975,9.3853
1.0171,29.8975,9.3853
1.0171,29.8514,9.3853
1.0171,29.8744,9.3853
1.0171,29.8975,9.3853
1.0171,29.8744,9.2531
1.0171,29.8975,9.3853
0.9939,29.8975,9.3853
1.0171,29.8975,9.3853
0.9708,29.8975,9.3853
0.9939,29.8284,9.2531
0.9939,29.7362,9.1209
1.0171,29.7132,9.1209
1.0402,29.6901,9.2531
1.0402,29.6901,9.2531
1.0402,29.7132,9.2531
1.0171,29.7132,9.2531
1.0171,29.7132,9.2531
1.0402,29.6671,9.1209
1.0633,29.621,8.9887
1.0402,29.598,8.9887
1.0633,29.575,8.9887
1.0633,29.598,9.1209
1.0402,29.6441,9.1209
1.0171,29.6901,8.9887
0.9939,29.7132,9.1209
0.9939,29.6901,9.1209
0.9708,29.6671,9.1209
0.9708,29.6441,8.9887
0.9939,29.621,8.9887
1.0402,29.5519,8.9887
1.0402,29.5289,8.9887
1.0402,29.5289,8.9887
1.0864,29.5059,8.9887
1.0864,29.4828,8.9887
1.0864,29.5059,8.9887
1.0402,29.5519,8.8565
1.0864,29.5289,8.9887
1.0633,29.5289,8.8565
1.0864,29.5289,8.8565
1.0864,29.4828,8.9887
1.0633,29.5059,8.9887
1.0633,29.5059,8.9887
1.0402,29.5059,8.9887
1.0633,29.4828,8.8565
1.0402,29.4828,8.9887
1.0633,29.4598,8.8565
1.0633,29.5059,8.8565
1.0633,29.575,8.9887
1.0633,29.621,8.9887
1.0633,29.598,8.9887
1.0402,29.575,8.9887
1.0864,29.5289,8.8565
1.0402,29.4828,8.9887
1.0402,29.5289,8.9887
1.0633,29.5289,8.9887
1.0402,29.598,8.9887
1.0633,29.6671,8.9887
1.1095,29.6901,8.9887
1.1095,29.7132,9.1209
1.1095,29.6901,8.8565
1.0864,29.6671,8.9887
1.0633,29.7132,8.9887
1.0864,29.7132,8.9887
1.0864,29.7592,8.9887
1.0864,29.7362,9.1209
1.1095,29.6901,8.9887
1.0864,29.6901,8.9887
1.0864,29.6441,8.9887
1.0864,29.621,8.9887
1.0633,29.598,8.9887
1.0633,29.598,8.9887
1.0864,29.6441,8.9887
1.0864,29.6671,8.9887
1.0864,29.621,8.8565
1.0864,29.575,8.9887
1.0864,29.575,8.8565
1.1095,29.5519,8.9887
1.0864,29.5059,8.8565
1.1326,29.4828,8.9887
1.1095,29.5059,8.9887
1.0864,29.5289,8.9887
1.1558,29.598,8.9887
1.1789,29.575,8.9887
1.1789,29.4598,8.8565
1.2251,29.3446,8.7243
1.2251,29.1834,8.7243
1.2251,29.0682,8.7243
1.2713,29.0222,8.5922
1.3176,28.907,8.5922
1.3638,28.7918,8.3278
1.4794,28.6997,8.3278
1.5256,28.6997,8.1956
1.5718,28.6997,8.1956
1.595,28.7227,8.1956
1.6412,28.7458,8.1956
1.6643,28.8149,8.1956
1.6874,28.8379,8.0634
1.6874,28.93,8.0634
1.7105,28.9991,8.1956
1.7105,29.0452,8.1956
1.6874,29.0913,8.1956
1.6874,29.1143,8.1956
1.7105,29.0452,8.0634
1.6643,28.9531,8.0634
1.6643,28.8379,8.0634
1.6412,28.7918,8.0634
1.6412,28.7688,8.0634
1.6181,28.8149,8.0634
1.595,28.8379,8.0634
1.595,28.7918,8.0634
1.595,28.8149,8.0634
1.595,28.8609,8.1956
1.5487,28.884,8.0634
1.5487,28.884,8.0634
1.5487,28.884,8.0634
1.5025,28.907,8.0634
1.5025,28.9531,8.0634
1.5256,28.9761,8.0634
1.5025,28.9531,8.1956
1.4563,28.907,8.0634
1.41,28.8609,8.1956
1.41,28.8149,8.0634
1.3869,28.8149,8.0634
1.3638,28.8149,8.0634
1.3407,28.8379,8.0634
1.3638,28.884,8.0634
1.3407,28.9531,8.0634
1.3638,28.9991,8.0634
1.3407,29.0222,8.0634
1.3407,29.0682,8.0634
1.3407,29.0913,8.0634
1.3869,29.1373,8.0634
1.3869,29.1604,8.0634
1.3869,29.1604,7.9312
1.41,29.1604,7.9312
1.3869,29.1373,8.0634
1.41,29.0913,7.9312
1.41,29.1373,7.9312
1.41,29.1143,7.9312
1.41,29.1604,7.9312
1.41,29.2295,7.9312
1.41,29.2525,7.9312
1.4331,29.2525,7.9312
1.4331,29.2295,7.9312
1.4331,29.2064,7.9312
1.4331,29.2295,7.9312
1.41,29.2525,7.9312
1.41,29.2525,7.9312
1.3869,29.2755,7.9312
1.41,29.2525,7.9312
1.4331,29.2295,7.799
1.4331,29.1834,7.799
1.4331,29.1604,7.799
1.4331,29.1834,7.799
1.4331,29.2295,7.799
1.4331,29.2525,7.799
1.4331,29.2295,7.799
1.4331,29.2295,7.799
1.4331,29.2295,7.799
1.4331,29.2064,7.799
1.4563,29.1604,7.799
1.4794,29.1373,7.6668
1.4563,29.1373,7.799
1.4331,29.1604,7.799
1.4563,29.1834,7.799
1.4331,29.1604,7.799
1.4563,29.1143,7.6668
1.4563,29.1143,7.9312
1.4563,29.0682,7.799
1.41,29.0222,7.799
1.41,28.9531,7.799
1.4331,28.9531,7.6668
1.41,28.93,7.6668
1.4331,28.93,7.6668
1.4563,28.8609,7.799
1.4794,28.8379,7.6668
1.4563,28.7688,7.799
1.4331,28.6997,7.6668
1.4331,28.7227,7.799
1.4563,28.7227,7.799
1.4331,28.7227,7.799
1.41,28.6997,7.6668
1.4331,28.6536,7.6668
1.4331,28.5845,7.6668
1.4331,28.6536,7.5346
1.41,28.6767,7.5346
1.3638,28.6536,7.6668
1.3407,28.6536,7.6668
1.3638,28.5845,7.5346
1.3407,28.5154,7.4025
1.3638,28.4463,7.6668
1.3407,28.3772,7.6668
1.3407,28.4003,7.6668
1.3407,28.4003,7.6668
1.3407,28.4003,7.6668
1.3638,28.3772,7.6668
1.3407,28.3772,7.6668
1.3869,28.3542,7.6668
1.3869,28.3312,7.6668
1.3638,28.2851,7.5346
1.3638,28.2851,7.4025
1.3638,28.2851,7.5346
1.3407,28.3081,7.5346
1.3407,28.3081,7.5346
1.2944,28.2851,7.6668
1.2713,28.2621,7.5346
1.2713,28.193,7.6668
1.2713,28.1699,7.5346
1.2944,28.1239,7.4025
1.2944,28.1469,7.5346
1.2713,28.2851,7.5346
1.2944,28.3312,7.5346
1.2944,28.3081,7.6668
1.2944,28.216,7.5346
1.2713,28.1699,7.5346
1.2713,28.1239,7.5346
1.2713,28.0317,7.4025
1.2482,27.9396,7.2703
1.2251,27.9166,7.2703
1.1789,27.9166,7.4025
1.1789,27.8935,7.4025
1.1789,27.8705,7.4025
1.1789,27.8244,7.5346
1.202,27.7553,7.4025
1.1789,27.7323,7.4025
1.1326,27.7553,7.4025
1.1558,27.8475,7.5346
1.1789,27.9166,7.4025
1.1558,27.9396,7.4025
1.1558,27.9396,7.4025
1.1558,27.8705,7.4025
1.1789,27.8244,7.4025
1.1789,27.8014,7.4025
1.1789,27.7553,7.4025
1.1558,27.7093,7.4025
1.1558,27.6632,7.4025
1.1558,27.6402,7.4025
1.1558,27.6171,7.2703
1.1558,27.5941,7.2703
1.1558,27.525,7.2703
1.1558,27.4789,7.1381
1.1326,27.3868,7.2703
1.1326,27.3638,7.1381
1.1326,27.3177,7.1381
1.1326,27.3177,7.1381
1.1326,27.2716,6.8737
1.1326,27.1334,7.0059
1.1326,27.0643,6.8737
1.1326,26.9952,6.8737
1.1095,26.9492,7.0059
1.0864,26.9492,7.0059
1.1095,26.9492,7.0059
1.1095,26.857,6.8737
1.1095,26.6728,6.7415
1.1095,26.5346,6.7415
1.0864,26.3273,6.7415
1.0864,26.12,6.6093
1.0402,25.8436,6.345
0.9939,25.5902,6.345
0.9939,25.3368,6.345
0.9708,25.0834,6.0806
0.9477,24.761,6.2128
0.9246,24.4846,6.0806
0.9246,24.1851,5.9484
0.9015,23.7705,5.9484
0.8784,23.3099,5.8162
0.8552,22.8722,5.5518
0.7859,22.4346,5.4196
0.7397,22.0661,5.2875
0.6934,21.6975,5.1553
0.6703,21.329,5.0231
0.6703,21.0295,4.8909
0.6703,20.7992,4.6265
0.6703,20.5919,4.7587
0.6703,20.4307,4.6265
0.6241,20.2234,4.6265
0.601,19.8548,4.3621
0.5547,19.4633,4.23
0.4854,19.0487,3.9656
0.4623,18.588,3.8334
0.3929,18.1964,3.7012
0.3236,17.7818,3.569
0.3236,17.3903,3.4368
0.3005,17.0678,3.3046
0.2773,16.7223,3.0403
0.2542,16.3998,2.7759
0.208,16.0543,2.7759
0.1849,15.7779,2.5115
0.1849,15.5476,2.5115
0.1155,15.3403,2.2471
0.0693,15.0639,2.3793
0.0231,14.7644,2.2471
-0.0462,14.465,2.115
-0.0462,14.0734,1.9828
-0.0924,13.7049,1.9828
-0.0924,13.3364,1.7184
-0.1155,13.0139,1.5862
-0.1618,12.7375,1.5862
-0.1386,12.438,1.5862
-0.1618,12.0695,1.454
-0.1849,11.701,1.454
-0.1849,11.4015,1.1896
-0.208,11.1021,1.1896
-0.208,10.8257,1.1896
-0.2311,10.6645,1.0575
-0.2773,10.5263,1.0575
-0.2542,10.342,1.0575
-0.2542,10.1577,0.9253
-0.2773,9.9504,0.9253
-0.2773,9.7662,0.6609
-0.2542,9.6049,0.6609
-0.2542,9.4207,0.6609
-0.2773,9.2364,0.6609
-0.2542,9.0521,0.6609
-0.2542,8.8218,0.5287
-0.2542,8.5915,0.5287
-0.2542,8.3841,0.6609
-0.2773,8.1538,0.5287
-0.2773,7.9926,0.6609
-0.2773,7.7853,0.5287
-0.2542,7.601,0.5287
-0.2542,7.3707,0.3965
-0.208,7.1634,0.3965
-0.208,7.0021,0.2643
-0.1849,6.8179,0.0
-0.1849,6.6566,0.1321
-0.2311,6.4493,0.1321
-0.2311,6.219,0.1321
-0.208,6.0117,0.0
-0.208,5.7583,0.1321
-0.208,5.6201,0.1321
-0.208,5.528,-0.1321
-0.1849,5.3437,-0.1321
-0.1849,5.1595,-0.2643
-0.1155,4.9522,-0.2643
-0.0924,4.7449,-0.2643
-0.0231,4.5606,-0.3965
0.0924,4.3763,-0.6609
0.1618,4.2381,-0.5287
0.208,4.1229,-0.7931
0.2773,4.0308,-0.7931
0.3467,3.9156,-0.9253
0.4392,3.7774,-0.9253
0.5316,3.6623,-1.0575
0.6472,3.501,-1.0575
0.7628,3.3628,-1.1896
0.8552,3.2477,-1.1896
0.9015,3.1786,-1.1896
0.9246,3.1325,-1.1896
0.9708,3.1555,-1.3218
1.0171,3.1786,-1.1896
1.0633,3.2016,-1.1896
1.1095,3.2246,-1.1896
1.1326,3.2246,-1.1896
1.1326,3.2246,-1.3218
1.1558,3.2707,-1.3218
1.1558,3.2937,-1.3218
1.1558,3.3168,-1.3218
1.1326,3.3168,-1.3218
1.1095,3.2707,-1.454
1.1095,3.2016,-1.3218
1.1095,3.1555,-1.454
1.1095,3.0864,-1.5862
1.0864,2.9943,-1.5862
1.0864,2.9022,-1.5862
1.1095,2.81,-1.5862
1.1095,2.764,-1.7184
1.1095,2.6488,-1.7184
1.0864,2.5106,-1.8506
0.9939,2.3494,-2.115
0.9477,2.073,-2.115
0.8784,1.7275,-2.3793
0.8552,1.382,-2.5115
0.8321,1.0365,-2.7759
0.7859,0.8292,-2.9081
0.7165,0.6449,-2.9081
0.6703,0.4837,-3.0403
0.6241,0.3224,-3.1725
0.601,0.2073,-3.1725
0.601,0.1382,-3.1725
0.5779,-0.046,-3.3046
0.5779,-0.1151,-3.4368
0.601,-0.2533,-3.4368
0.601,-0.4376,-3.3046
0.5779,-0.5528,-3.3046
0.5547,-0.714,-3.4368
0.5316,-0.8983,-3.569
0.5085,-1.0825,-3.7012
0.4854,-1.3129,-3.7012
0.5085,-1.5662,-3.8334
0.5547,-1.8887,-3.7012
0.5316,-2.1651,-3.8334
0.5316,-2.4876,-3.7012
0.5085,-2.8331,-3.7012
0.4854,-3.1325,-3.7012
0.5085,-3.455,-3.7012
0.5316,-3.7083,-3.569
0.5316,-3.9387,-3.569
0.5316,-4.1229,-3.7012
0.5316,-4.3303,-3.4368
0.4854,-4.5376,-3.4368
0.4854,-4.6758,-3.4368
0.416,-4.9061,-3.569
0.3698,-5.1825,-3.3046
0.3467,-5.4589,-3.4368
0.3236,-5.7353,-3.3046
0.3236,-5.8735,-3.3046
0.2773,-5.9196,-3.4368
0.2542,-5.9196,-3.4368
0.2311,-5.9887,-3.4368
0.208,-6.1038,-3.4368
0.208,-6.2651,-3.4368
0.208,-6.3802,-3.4368
0.1386,-6.4033,-3.569
0.1386,-6.4033,-3.569
0.1386,-6.4263,-3.4368
0.1849,-6.4493,-3.4368
0.1849,-6.5184,-3.4368
0.208,-6.5645,-3.4368
0.1849,-6.5645,-3.4368
0.208,-6.6336,-3.4368
0.208,-6.7488,-3.4368
0.208,-6.8639,-3.4368
0.1849,-6.9561,-3.569
0.1849,-7.0712,-3.4368
0.1618,-7.1403,-3.569
0.0924,-7.2785,-3.7012
0.0924,-7.4628,-3.7012
0.0462,-7.7392,-3.7012
0.0231,-8.0617,-3.7012
-0.0462,-8.3611,-3.569
-0.0693,-8.6836,-3.8334
-0.0693,-8.983,-3.8334
-0.0924,-9.2825,-3.8334
-0.1155,-9.651,-3.8334
-0.1386,-10.1117,-3.8334
-0.208,-10.5954,-3.9656
-0.208,-11.0791,-3.9656
-0.3005,-11.5397,-3.8334
-0.3467,-12.0234,-3.9656
-0.3467,-12.5532,-3.8334
-0.3698,-13.06,-3.8334
-0.416,-13.6128,-3.8334
-0.3929,-14.0734,-3.8334
-0.3929,-14.3959,-3.8334
-0.3929,-14.6953,-3.8334
-0.3698,-14.9487,-3.8334
-0.3929,-15.179,-3.9656
-0.3929,-15.3403,-3.8334
-0.3929,-15.5015,-3.8334
-0.416,-15.6627,-3.8334
-0.4623,-15.7549,-3.8334
-0.4854,-15.87,-3.8334
-0.5316,-15.9852,-3.8334
-0.5316,-16.0773,-3.8334
-0.5779,-16.2155,-3.8334
-0.601,-16.3307,-3.8334
-0.6241,-16.3998,-3.8334
-0.6241,-16.3998,-3.8334
-0.6472,-16.4228,-3.8334
-0.7165,-16.515,-3.8334
-0.7165,-16.6992,-3.8334
-0.6934,-16.9987,-3.8334
-0.6703,-17.3212,-3.9656
-0.6472,-17.5285,-3.9656
-0.6241,-17.6436,-4.0978
-0.6241,-17.6897,-4.0978
-0.6241,-17.6897,-4.0978
-0.6241,-17.8049,-4.0978
-0.6703,-17.9661,-3.8334
-0.6934,-18.1964,-3.9656
-0.6703,-18.4728,-3.9656
-0.6472,-18.6571,-3.9656
-0.6703,-18.7492,-3.9656
-0.6472,-18.8183,-3.9656
-0.6703,-18.8874,-3.9656
-0.6703,-19.0026,-3.8334
-0.6472,-19.1638,-3.9656
-0.6703,-19.3481,-3.8334
-0.6934,-19.4633,-3.9656
-0.6472,-19.5093,-3.9656
-0.6703,-19.3942,-3.8334
-0.6703,-19.279,-3.8334
-0.6703,-19.2099,-3.8334
-0.6703,-19.2329,-3.8334
-0.6703,-19.2099,-3.9656
-0.6703,-19.1408,-3.9656
-0.6934,-19.0256,-3.9656
-0.6703,-18.9105,-3.9656
-0.6934,-18.8183,-3.9656
-0.6934,-18.8183,-3.9656
-0.6934,-18.9105,-4.0978
-0.6934,-18.9796,-4.0978
-0.6703,-18.9796,-4.0978
-0.6934,-18.9105,-4.0978
-0.6934,-18.8414,-3.9656
-0.7165,-18.7723,-3.9656
-0.7165,-18.8183,-4.0978
-0.7397,-18.9796,-4.0978
-0.7628,-19.1408,-4.23
-0.7628,-19.279,-4.23
-0.809,-19.3711,-4.23
-0.809,-19.4172,-4.23
-0.809,-19.4863,-4.23
-0.7859,-19.6015,-4.23
-0.7628,-19.7627,-4.3621
-0.7859,-19.9009,-4.3621
-0.7859,-19.993,-4.3621
-0.7628,-20.0852,-4.3621
-0.809,-20.2464,-4.23
-0.8321,-20.4307,-4.23
-0.8321,-20.6149,-4.3621
-0.809,-20.7762,-4.23
-0.809,-20.9374,-4.23
-0.7859,-21.0295,-4.23
-0.7628,-21.1447,-4.23
-0.7628,-21.2829,-4.23
-0.6934,-21.4902,-4.23
-0.7165,-21.6284,-4.3621
-0.6703,-21.7897,-4.23
-0.6934,-21.8357,-4.3621
-0.6934,-21.7666,-4.3621
-0.7397,-21.6975,-4.3621
-0.7165,-21.6284,-4.3621
-0.7628,-21.6284,-4.23
-0.809,-21.6515,-4.23
-0.7859,-21.7206,-4.3621
-0.809,-21.7897,-4.3621
-0.809,-21.8588,-4.3621
-0.7859,-21.9048,-4.3621
-0.809,-21.9279,-4.3621
-0.7859,-21.9739,-4.4943
-0.7859,-22.1121,-4.3621
-0.809,-22.2273,-4.4943
-0.809,-22.3425,-4.4943
-0.8321,-22.4807,-4.4943
-0.8552,-22.5037,-4.4943
-0.8321,-22.5037,-4.3621
-0.7859,-22.5498,-4.3621
-0.809,-22.6189,-4.23
-0.7859,-22.711,-4.3621
-0.7397,-22.8722,-4.23
-0.7165,-22.9874,-4.23
-0.6934,-23.0335,-4.23
-0.7397,-23.0565,-4.23
-0.7165,-23.0795,-4.23
-0.6934,-23.0795,-4.0978
-0.6934,-23.1026,-4.23
-0.7397,-23.1256,-4.0978
-0.7165,-23.0795,-4.0978
-0.7628,-22.9874,-4.0978
-0.7859,-22.8492,-3.9656
-0.809,-22.734,-3.9656
-0.809,-22.6419,-3.9656
-0.809,-22.6419,-4.0978
-0.809,-22.5958,-4.0978
-0.7859,-22.5958,-4.23
-0.7628,-22.5498,-4.23
-0.7397,-22.5498,-4.0978
-0.7165,-22.5728,-4.0978
-0.7165,-22.5498,-3.9656
-0.7165,-22.5728,-4.0978
-0.6934,-22.5267,-4.0978
-0.7397,-22.4116,-4.23
-0.7859,-22.2503,-4.23
-0.7859,-22.1352,-4.0978
-0.7628,-22.043,-4.0978
-0.7859,-21.9739,-4.0978
-0.8321,-21.9279,-4.0978
-0.809,-21.8818,-4.0978
-0.7628,-21.8818,-4.0978
-0.7397,-21.8588,-4.0978
-0.7397,-21.8127,-4.23
-0.7165,-21.7666,-4.23
-0.7397,-21.7666,-4.23
-0.7628,-21.7666,-4.23
-0.7397,-21.7666,-4.23
-0.7397,-21.7436,-4.23
-0.7165,-21.6284,-4.23
-0.6703,-21.6054,-4.23
-0.6703,-21.5363,-4.23
-0.6241,-21.4672,-4.23
-0.6472,-21.352,-4.3621
-0.6703,-21.2599,-4.23
-0.6934,-21.1908,-4.0978
-0.7165,-21.2368,-4.3621
-0.6934,-21.329,-4.3621
-0.6472,-21.329,-4.23
-0.601,-21.306,-4.23
-0.6241,-21.2138,-4.23
-0.6472,-21.1447,-4.3621
-0.6472,-21.0986,-4.23
-0.6241,-21.0756,-4.3621
-0.6472,-21.0295,-4.3621
-0.6703,-20.9835,-4.3621
-0.7165,-20.8913,-4.3621
-0.7165,-20.7992,-4.4943
-0.7628,-20.7762,-4.4943
-0.7397,-20.7531,-4.4943
-0.7397,-20.7531,-4.4943
-0.7165,-20.7071,-4.4943
-0.6934,-20.661,-4.4943
-0.6241,-20.6149,-4.6265
-0.601,-20.5919,-4.6265
-0.6241,-20.4998,-4.7587
-0.6241,-20.4076,-4.6265
-0.6472,-20.3155,-4.6265
-0.6472,-20.2925,-4.6265
-0.601,-20.3155,-4.4943
-0.6241,-20.2464,-4.6265
-0.601,-20.2003,-4.7587
-0.5779,-20.1543,-4.7587
-0.601,-20.0621,-4.6265
-0.5779,-20.0161,-4.7587
-0.5779,-20.0161,-4.7587
-0.601,-19.993,-4.7587
-0.5547,-20.0621,-4.7587
-0.5779,-20.0621,-4.8909
-0.601,-19.993,-4.7587
-0.6241,-19.9009,-4.7587
-0.6703,-19.8548,-4.7587
-0.6934,-19.8548,-4.7587
-0.6703,-19.947,-4.7587
-0.6241,-20.0161,-4.8909
-0.601,-20.1312,-4.8909
-0.601,-20.1312,-4.7587
-0.601,-20.0852,-4.7587
-0.601,-20.0161,-4.7587
-0.5779,-20.0391,-4.7587
-0.5547,-20.0852,-4.7587
-0.5779,-20.1543,-4.7587
-0.5779,-20.2234,-4.6265
-0.5779,-20.2234,-4.7587
-0.601,-20.2003,-4.7587
-0.5779,-20.2003,-4.6265
-0.601,-20.2003,-4.6265
-0.6241,-20.2694,-4.7587
-0.601,-20.3155,-4.6265
-0.601,-20.3155,-4.4943
-0.601,-20.3155,-4.6265
-0.6472,-20.2925,-4.6265
-0.6241,-20.2694,-4.4943
-0.6241,-20.2464,-4.6265
-0.601,-20.2694,-4.4943
-0.601,-20.3155,-4.6265
-0.6472,-20.3616,-4.7587
-0.6241,-20.3846,-4.6265
-0.6472,-20.3385,-4.6265
-0.6472,-20.3385,-4.6265
-0.6472,-20.3385,-4.6265
-0.6703,-20.3846,-4.6265
-0.6703,-20.4307,-4.6265
-0.6241,-20.5458,-4.6265
-0.601,-20.5919,-4.6265
-0.6241,-20.5689,-4.6265
-0.601,-20.5228,-4.6265
-0.601,-20.4767,-4.6265
-0.601,-20.4767,-4.6265
-0.601,-20.4998,-4.4943
-0.601,-20.4767,-4.6265
-0.6472,-20.4537,-4.4943
-0.6934,-20.4307,-4.4943
-0.6934,-20.4767,-4.4943
-0.6934,-20.5228,-4.4943
-0.6703,-20.5919,-4.4943
-0.6472,-20.661,-4.6265
-0.6472,-20.684,-4.6265
-0.6241,-20.684,-4.6265
-0.6241,-20.684,-4.6265
-0.6472,-20.638,-4.6265
-0.6934,-20.6149,-4.4943
-0.7165,-20.5919,-4.3621
-0.7165,-20.5919,-4.3621
-0.7165,-20.5689,-4.4943
-0.7165,-20.5228,-4.4943
-0.7628,-20.4307,-4.4943
-0.7397,-20.3616,-4.4943
-0.7628,-20.3616,-4.4943
-0.7397,-20.3616,-4.4943
-0.6934,-20.4537,-4.6265
-0.7165,-20.4767,-4.4943
-0.6934,-20.4767,-4.4943
-0.6703,-20.4307,-4.4943
-0.6472,-20.3616,-4.6265
-0.6703,-20.2694,-4.4943
-0.6472,-20.2234,-4.4943
-0.6241,-20.2003,-4.4943
-0.6472,-20.1543,-4.4943
-0.6472,-20.1082,-4.4943
-0.6703,-20.0852,-4.4943
-0.6934,-20.0621,-4.4943
-0.7165,-19.993,-4.6265
-0.6934,-19.97,-4.6265
-0.7397,-19.9009,-4.6265
-0.7397,-19.8779,-4.6265
-0.7397,-19.8548,-4.7587
-0.7165,-19.8088,-4.6265
-0.7397,-19.8088,-4.7587
-0.7397,-19.8088,-4.6265
-0.6934,-19.8318,-4.6265
-0.6934,-19.947,-4.6265
-0.6703,-19.97,-4.7587
-0.6703,-19.947,-4.7587
-0.6703,-19.993,-4.7587
-0.6703,-20.0621,-4.7587
-0.6472,-20.0852,-4.7587
-0.6472,-20.0852,-4.7587
-0.6472,-20.0852,-4.7587
-0.6472,-20.0621,-4.6265
-0.6934,-19.97,-4.7587
-0.6934,-19.9239,-4.6265
-0.6703,-19.8779,-4.7587
-0.6934,-19.8548,-4.6265
-0.6934,-19.8779,-4.7587
-0.6934,-19.947,-4.7587
-0.6703,-19.993,-4.6265
-0.6472,-20.0391,-4.6265
-0.6703,-20.0391,-4.7587
-0.6703,-20.0621,-4.7587
-0.6472,-20.0852,-4.7587
-0.6472,-20.0852,-4.7587
-0.6241,-20.0852,-4.7587
-0.6241,-20.0621,-4.7587
-0.6472,-20.0391,-4.6265
-0.6472,-20.0161,-4.7587
-0.6703,-19.97,-4.6265
-0.6703,-19.993,-4.6265
-0.6703,-20.0161,-4.7587
-0.6934,-19.993,-4.7587
-0.6703,-20.0161,-4.7587
-0.6703,-20.0391,-4.7587
-0.6703,-20.0621,-4.7587
-0.6703,-20.0621,-4.6265
-0.6472,-20.0621,-4.7587
-0.6241,-20.0621,-4.6265
-0.6241,-20.0391,-4.6265
-0.601,-20.0161,-4.6265
-0.6241,-20.0161,-4.7587
-0.6703,-20.0161,-4.7587
-0.6934,-20.0161,-4.7587
-0.7165,-20.0161,-4.6265
-0.6934,-20.0621,-4.6265
-0.7165,-20.0621,-4.6265
-0.7165,-20.0391,-4.7587
-0.6934,-20.0391,-4.7587
-0.6934,-19.993,-4.7587
-0.7397,-19.97,-4.7587
-0.7397,-19.947,-4.7587
-0.7165,-19.947,-4.6265
-0.7165,-19.9239,-4.6265
-0.7397,-19.8779,-4.8909
-0.7397,-19.9009,-4.6265
-0.7165,-19.9239,-4.6265
-0.7165,-19.97,-4.6265
-0.7165,-20.0161,-4.6265
-0.6934,-20.0161,-4.6265
-0.6934,-20.0391,-4.7587
-0.7165,-20.0391,-4.6265
-0.7165,-19.993,-4.6265
-0.7165,-19.97,-4.6265
-0.6934,-19.97,-4.6265
-0.7165,-19.993,-4.6265
-0.6703,-20.0621,-4.6265
-0.6703,-20.1312,-4.6265
-0.6703,-20.1773,-4.7587
-0.6703,-20.2234,-4.7587
-0.6241,-20.2234,-4.7587
-0.6241,-20.2003,-4.7587
-0.601,-20.1773,-4.6265
-0.6472,-20.1312,-4.6265
-0.6472,-20.1082,-4.6265
-0.6472,-20.1082,-4.6265
-0.6703,-20.1312,-4.7587
-0.6241,-20.1082,-4.6265
-0.6703,-20.0852,-4.6265
-0.6703,-20.0621,-4.6265
-0.6703,-19.993,-4.6265
-0.6703,-19.993,-4.6265
-0.6703,-20.0161,-4.6265
-0.6703,-20.0852,-4.7587
-0.6241,-20.1543,-4.6265
-0.601,-20.1543,-4.6265
-0.6472,-20.1312,-4.7587
-0.6241,-20.1312,-4.6265
-0.6472,-20.1082,-4.6265
-0.6472,-20.0852,-4.6265
-0.6241,-20.0852,-4.6265
-0.6703,-20.0852,-4.7587
-0.6472,-20.0621,-4.6265
-0.6703,-20.0391,-4.6265
-0.6934,-20.0391,-4.6265
-0.6934,-20.0391,-4.6265
-0.6934,-20.1082,-4.7587
-0.6934,-20.1312,-4.7587
-0.6934,-20.1312,-4.7587
-0.6703,-20.1082,-4.7587
-0.6703,-20.1082,-4.7587
-0.6934,-20.1082,-4.7587
-0.6703,-20.1312,-4.7587
-0.6703,-20.1773,-4.7587
-0.6934,-20.1773,-4.7587
-0.6934,-20.1312,-4.7587
-0.7165,-20.1312,-4.7587
-0.7165,-20.0852,-4.7587
-0.7397,-20.1312,-4.8909
-0.7165,-20.1312,-4.7587
-0.7397,-20.1543,-4.8909
-0.7165,-20.2003,-4.8909
-0.7397,-20.2003,-4.8909
-0.7165,-20.2003,-4.8909
-0.7397,-20.1773,-4.8909
-0.7397,-20.1543,-4.8909
-0.7165,-20.1312,-4.8909
-0.7165,-20.1312,-4.8909
-0.7397,-20.1312,-4.8909
-0.7397,-20.1312,-4.8909
-0.7397,-20.1312,-4.8909
-0.7165,-20.1312,-4.8909
-0.7165,-20.0391,-4.8909
-0.7397,-19.947,-4.8909
-0.809,-19.8318,-5.0231
-0.8321,-19.7397,-4.8909
-0.8784,-19.7166,-4.8909
-0.8552,-19.7627,-4.8909
-0.8321,-19.8318,-4.8909
-0.8552,-19.9009,-5.0231
-0.8552,-19.947,-4.8909
-0.8321,-19.9239,-4.8909
-0.8552,-19.9239,-4.8909
-0.8321,-19.947,-4.8909
-0.7859,-19.993,-4.8909
-0.7628,-20.0391,-4.8909
-0.7859,-20.0621,-4.8909
-0.7628,-20.0391,-5.0231
-0.7628,-19.97,-4.8909
-0.809,-19.8779,-4.8909
-0.809,-19.8318,-4.8909
-0.809,-19.8548,-5.0231
-0.8321,-19.9009,-4.8909
-0.809,-19.97,-5.0231
-0.7859,-20.0161,-4.8909
-0.7859,-19.993,-4.8909
-0.7859,-19.9239,-4.8909
-0.809,-19.9009,-4.8909
-0.7859,-19.97,-4.8909
-0.7628,-20.0161,-4.8909
-0.7397,-20.0852,-4.8909
-0.7397,-20.0621,-4.8909
-0.7397,-20.0161,-4.8909
-0.7628,-19.9239,-4.8909
-0.7859,-19.8779,-4.7587
-0.7628,-19.8548,-4.8909
-0.7628,-19.8779,-4.8909
-0.7397,-19.947,-4.8909
-0.7397,-19.993,-4.8909
-0.7397,-20.0161,-4.8909
-0.7397,-19.97,-4.8909
-0.7397,-19.9009,-4.8909
-0.7628,-19.8779,-4.8909
-0.7628,-19.9009,-4.8909
-0.7165,-19.97,-4.8909
-0.7165,-20.0161,-5.0231
-0.7165,-20.0621,-5.0231
-0.7165,-20.0391,-5.0231
-0.7397,-20.0161,-5.0231
-0.7628,-19.97,-5.0231
-0.7628,-19.9239,-5.0231
-0.7859,-19.8779,-5.0231
-0.7859,-19.8548,-5.0231
-0.7859,-19.8548,-5.0231
-0.7859,-19.9009,-4.8909
-0.7628,-19.947,-5.0231
-0.7397,-19.9239,-5.0231
-0.7628,-19.9239,-5.0231
-0.7397,-19.8779,-5.0231
-0.7628,-19.9009,-5.1553
-0.7397,-19.9239,-5.1553
-0.7628,-19.947,-5.1553
-0.7628,-19.97,-5.1553
-0.7859,-19.993,-5.1553
-0.7628,-19.993,-5.1553
-0.7628,-19.947,-5.2875
-0.809,-19.9239,-5.2875
-0.809,-19.9239,-5.2875
-0.809,-19.97,-5.2875
-0.8321,-20.0391,-5.4196
-0.809,-20.0852,-5.2875
-0.7859,-20.1082,-5.2875
-0.809,-20.1082,-5.4196
-0.7628,-20.0852,-5.2875
-0.809,-20.1082,-5.2875
-0.7859,-20.1543,-5.2875
-0.8321,-20.2003,-5.1553
-0.8321,-20.2464,-5.2875
-0.8321,-20.2694,-5.1553
-0.8784,-20.2464,-5.2875
-0.8784,-20.2925,-5.2875
-0.9015,-20.3385,-5.1553
-0.8784,-20.4076,-5.1553
-0.8321,-20.4998,-5.1553
-0.8321,-20.5919,-5.1553
-0.809,-20.7071,-5.0231
-0.7859,-20.7301,-5.1553
-0.7859,-20.7071,-5.2875
-0.809,-20.684,-5.1553
-0.809,-20.684,-5.1553
-0.8321,-20.7301,-5.0231
-0.8321,-20.8222,-5.0231
-0.809,-20.9144,-5.1553
-0.809,-20.9835,-5.0231
-0.7859,-20.9604,-5.1553
-0.7859,-20.9144,-5.0231
-0.7859,-20.8453,-5.0231
-0.7859,-20.8453,-5.0231
-0.7628,-20.9144,-4.8909
-0.7628,-20.9604,-4.8909
-0.7859,-20.9835,-5.0231
-0.7859,-21.0065,-5.0231
-0.7859,-21.0065,-5.0231
-0.7859,-21.0065,-5.0231
-0.7628,-21.0065,-5.1553
-0.7628,-21.0295,-5.1553
-0.7397,-21.0526,-5.1553
-0.7397,-21.0756,-5.1553
-0.7628,-21.0295,-5.0231
-0.7628,-21.0065,-5.1553
-0.7397,-20.9835,-5.1553
-0.7859,-20.9604,-5.0231
-0.7397,-20.9835,-5.0231
-0.7397,-20.9835,-5.0231
-0.7397,-21.0065,-5.0231
-0.7397,-21.0526,-5.0231
-0.7165,-21.0295,-5.0231
-0.6934,-21.0295,-4.8909
-0.6703,-20.9374,-4.8909
-0.6934,-20.8222,-4.8909
-0.7165,-20.7762,-4.8909
-0.7628,-20.7301,-4.8909
-0.7397,-20.7301,-4.8909
-0.7628,-20.7531,-4.8909
-0.7859,-20.7531,-5.0231
-0.7397,-20.7762,-5.0231
-0.7628,-20.7762,-4.8909
-0.7628,-20.7531,-5.0231
-0.7397,-20.7762,-5.0231
-0.7397,-20.7762,-5.0231
-0.7165,-20.7992,-5.0231
-0.7397,-20.8222,-5.0231
-0.7165,-20.8683,-5.0231
-0.7397,-20.8683,-5.0231
-0.7397,-20.7762,-5.0231
-0.7397,-20.684,-5.1553
-0.7859,-20.684,-5.0231
-0.7628,-20.7071,-5.0231
-0.7628,-20.7301,-5.0231
-0.7397,-20.7071,-5.0231
-0.7628,-20.661,-5.0231
-0.7859,-20.6149,-5.0231
-0.7859,-20.5458,-5.0231
-0.7859,-20.5458,-5.1553
-0.7859,-20.6149,-5.0231
-0.7859,-20.638,-5.0231
-0.7628,-20.661,-5.0231
-0.7628,-20.638,-5.1553
-0.7859,-20.5919,-5.1553
-0.7859,-20.5689,-5.0231
-0.809,-20.5689,-5.1553
-0.809,-20.6149,-5.0231
-0.809,-20.6149,-5.0231
-0.809,-20.6149,-5.1553
-0.8321,-20.5919,-5.1553
-0.8321,-20.5919,-5.0231
-0.8321,-20.6149,-5.0231
-0.809,-20.6149,-5.1553
-0.7859,-20.638,-5.0231
-0.7628,-20.661,-5.0231
-0.809,-20.6149,-5.0231
-0.809,-20.6149,-5.0231
-0.7859,-20.661,-5.0231
-0.7859,-20.684,-5.0231
-0.7859,-20.7071,-5.0231
-0.7628,-20.7301,-5.0231
-0.7859,-20.7071,-5.0231
-0.7859,-20.7301,-5.0231
-0.7859,-20.7762,-4.8909
-0.7859,-20.7992,-4.8909
-0.7628,-20.8222,-4.8909
-0.7859,-20.8453,-4.8909
-0.7859,-20.8222,-4.8909
-0.7859,-20.8222,-4.8909
-0.7628,-20.7992,-4.8909
-0.7859,-20.8453,-4.8909
-0.7859,-20.8683,-4.8909
-0.809,-20.8453,-4.8909
-0.7859,-20.8453,-4.8909
-0.7628,-20.7992,-4.7587
-0.7628,-20.7992,-4.8909
-0.7628,-20.8683,-4.7587
-0.7165,-20.8913,-4.7587
-0.7397,-20.9374,-4.7587
-0.7165,-20.9144,-4.8909
-0.7165,-20.8913,-4.8909
-0.7628,-20.8453,-4.8909
-0.7397,-20.8453,-4.7587
-0.7165,-20.9144,-4.8909
-0.7165,-20.8913,-4.8909
-0.6934,-20.9374,-4.8909
-0.6934,-20.9374,-4.8909
-0.7165,-20.9144,-4.8909
-0.7165,-20.9144,-4.7587
-0.7397,-20.9144,-4.8909
-0.7397,-20.9374,-4.8909
-0.7165,-20.9604,-4.8909
-0.7165,-20.9374,-4.8909
-0.7165,-20.9144,-4.8909
-0.7397,-20.8683,-4.8909
-0.7397,-20.8222,-5.0231
-0.7628,-20.7531,-5.0231
-0.7859,-20.7071,-5.0231
-0.7859,-20.7301,-5.1553
-0.809,-20.7301,-5.1553
-0.7628,-20.7301,-5.0231
-0.7859,-20.7301,-5.0231
-0.809,-20.684,-5.1553
-0.809,-20.661,-5.0231
-0.8321,-20.684,-5.1553
-0.809,-20.7301,-5.0231
-0.7859,-20.7301,-5.0231
-0.809,-20.661,-5.0231
-0.8321,-20.6149,-5.0231
-0.809,-20.5919,-5.0231
-0.7628,-20.5919,-4.8909
-0.7628,-20.6149,-4.8909
-0.8321,-20.6149,-5.0231
-0.8321,-20.638,-4.8909
-0.8321,-20.6149,-4.8909
-0.8321,-20.5689,-5.0231
-0.8321,-20.5228,-4.8909
-0.8784,-20.4767,-5.0231
-0.8784,-20.4767,-4.8909
-0.9015,-20.4767,-4.8909
-0.8784,-20.4998,-5.0231
-0.8784,-20.4998,-4.8909
-0.8784,-20.5228,-5.0231
-0.8784,-20.4767,-5.0231
-0.8552,-20.4307,-5.0231
-0.8552,-20.4076,-4.8909
-0.8321,-20.4307,-4.8909
-0.809,-20.4767,-4.8909
-0.809,-20.4998,-4.8909
-0.809,-20.5228,-4.8909
-0.7859,-20.4998,-4.8909
-0.8321,-20.4307,-5.0231
-0.8552,-20.4307,-5.0231
-0.8321,-20.4537,-4.8909
-0.8321,-20.5228,-5.0231
-0.8552,-20.5689,-5.0231
-0.8321,-20.6149,-5.0231
-0.809,-20.638,-5.0231
-0.7859,-20.5919,-5.0231
-0.7859,-20.5919,-5.0231
-0.7628,-20.638,-4.8909
-0.7859,-20.5919,-5.0231
-0.7628,-20.6149,-4.8909
-0.7628,-20.6149,-5.0231
-0.7859,-20.5919,-5.0231
-0.7859,-20.5458,-4.8909
-0.7859,-20.4998,-4.8909
-0.7859,-20.4537,-5.0231
-0.809,-20.4537,-4.8909
-0.8321,-20.4767,-4.8909
-0.809,-20.5228,-4.8909
-0.7859,-20.5458,-4.8909
-0.7859,-20.6149,-4.8909
-0.7628,-20.6149,-4.8909
-0.7628,-20.6149,-4.8909
-0.7397,-20.5919,-4.8909
-0.7628,-20.5228,-5.0231
-0.7397,-20.4998,-5.0231
-0.7397,-20.4998,-5.0231
-0.7628,-20.4767,-5.0231
-0.7628,-20.4767,-5.1553
-0.7859,-20.4537,-5.0231
-0.7859,-20.4537,-5.0231
-0.7628,-20.4537,-5.0231
-0.7628,-20.4537,-5.0231
-0.7628,-20.4307,-5.1553
-0.7859,-20.4076,-5.1553
-0.7859,-20.4076,-5.1553
-0.7859,-20.3846,-4.8909
-0.7628,-20.4537,-5.0231
-0.7628,-20.5228,-5.0231
-0.7859,-20.5689,-4.8909
-0.7859,-20.5689,-4.8909
-0.7628,-20.5689,-4.8909
-0.809,-20.5458,-4.8909
-0.809,-20.5228,-5.0231
-0.8321,-20.4767,-5.0231
-0.8552,-20.4767,-4.8909
-0.8321,-20.4767,-5.0231
-0.8321,-20.4998,-5.0231
-0.8321,-20.5228,-5.0231
-0.8321,-20.4998,-5.0231
-0.8552,-20.4767,-5.0231
-0.8552,-20.4537,-5.0231
-0.8552,-20.4537,-5.0231
-0.8552,-20.4307,-4.8909
-0.8784,-20.4307,-4.8909
